local,visitor,period,time,player,action,side,score_home,score_away
U18 Next Gen Team Belgrade,U18 Partizan Mozzart Bet Belgrade,1er Cuarto,00:01,"NAJI, AKRAM",Three Pointer (1/2 - 9 pt),U18 Next Gen Team Belgrade,19,13
U18 Next Gen Team Belgrade,U18 Partizan Mozzart Bet Belgrade,1er Cuarto,00:14,"KATANOVIC, BORNA",Steal (2),U18 Next Gen Team Belgrade,,
U18 Next Gen Team Belgrade,U18 Partizan Mozzart Bet Belgrade,1er Cuarto,00:16,"GUJANICIC, SIBIN",Turnover (2),U18 Partizan Mozzart Bet Belgrade,,
U18 Next Gen Team Belgrade,U18 Partizan Mozzart Bet Belgrade,1er Cuarto,00:23,"BOJOVIC, LUKAS NIKOLA",Free Throw In (1/2 - 1 pt),U18 Partizan Mozzart Bet Belgrade,16,13
U18 Next Gen Team Belgrade,U18 Partizan Mozzart Bet Belgrade,1er Cuarto,00:23,"BOJOVIC, LUKAS NIKOLA",Missed Free Throw (0/1 - 0 pt),U18 Partizan Mozzart Bet Belgrade,,
U18 Next Gen Team Belgrade,U18 Partizan Mozzart Bet Belgrade,1er Cuarto,00:23,"BOJOVIC, LUKAS NIKOLA",Foul Drawn (1),U18 Partizan Mozzart Bet Belgrade,,
U18 Next Gen Team Belgrade,U18 Partizan Mozzart Bet Belgrade,1er Cuarto,00:23,"DEFOUNDOUX, SACHA",Unsportsmanlike Foul (1),U18 Next Gen Team Belgrade,,
U18 Next Gen Team Belgrade,U18 Partizan Mozzart Bet Belgrade,1er Cuarto,00:24,"BOJOVIC, LUKAS NIKOLA",Steal (2),U18 Partizan Mozzart Bet Belgrade,,
U18 Next Gen Team Belgrade,U18 Partizan Mozzart Bet Belgrade,1er Cuarto,00:25,"BOTTELLI, FEDERICO",Turnover (1),U18 Next Gen Team Belgrade,,
U18 Next Gen Team Belgrade,U18 Partizan Mozzart Bet Belgrade,1er Cuarto,00:28,"KATANOVIC, BORNA",Steal (1),U18 Next Gen Team Belgrade,,
U18 Next Gen Team Belgrade,U18 Partizan Mozzart Bet Belgrade,1er Cuarto,00:30,"GUJANICIC, SIBIN",Turnover (1),U18 Partizan Mozzart Bet Belgrade,,
U18 Next Gen Team Belgrade,U18 Partizan Mozzart Bet Belgrade,1er Cuarto,00:51,"NAJI, AKRAM",Free Throw In (2/2 - 6 pt),U18 Next Gen Team Belgrade,16,12
U18 Next Gen Team Belgrade,U18 Partizan Mozzart Bet Belgrade,1er Cuarto,00:51,"NAJI, AKRAM",Free Throw In (1/1 - 5 pt),U18 Next Gen Team Belgrade,15,12
U18 Next Gen Team Belgrade,U18 Partizan Mozzart Bet Belgrade,1er Cuarto,00:51,"NAJI, AKRAM",Foul Drawn (1),U18 Next Gen Team Belgrade,,
U18 Next Gen Team Belgrade,U18 Partizan Mozzart Bet Belgrade,1er Cuarto,00:51,"MIJAILOVIC, UROS",Foul (2),U18 Partizan Mozzart Bet Belgrade,,
U18 Next Gen Team Belgrade,U18 Partizan Mozzart Bet Belgrade,1er Cuarto,00:54,"BOTTELLI, FEDERICO",Foul Drawn (2),U18 Next Gen Team Belgrade,,
U18 Next Gen Team Belgrade,U18 Partizan Mozzart Bet Belgrade,1er Cuarto,00:54,"BOJOVIC, LUKAS NIKOLA",Foul (1),U18 Partizan Mozzart Bet Belgrade,,
U18 Next Gen Team Belgrade,U18 Partizan Mozzart Bet Belgrade,1er Cuarto,01:14,"GUJANICIC, SIBIN",In,U18 Partizan Mozzart Bet Belgrade,,
U18 Next Gen Team Belgrade,U18 Partizan Mozzart Bet Belgrade,1er Cuarto,01:14,"KOJIC, ALEKSA",Out,U18 Partizan Mozzart Bet Belgrade,,
U18 Next Gen Team Belgrade,U18 Partizan Mozzart Bet Belgrade,1er Cuarto,01:14,"BOJOVIC, LUKAS NIKOLA",Turnover (1),U18 Partizan Mozzart Bet Belgrade,,
U18 Next Gen Team Belgrade,U18 Partizan Mozzart Bet Belgrade,1er Cuarto,01:25,"SIJARIC, DARIS",Steal (1),U18 Partizan Mozzart Bet Belgrade,,
U18 Next Gen Team Belgrade,U18 Partizan Mozzart Bet Belgrade,1er Cuarto,01:27,"PRATO, IVAN",Turnover (1),U18 Next Gen Team Belgrade,,
U18 Next Gen Team Belgrade,U18 Partizan Mozzart Bet Belgrade,1er Cuarto,01:32,"PRATO, IVAN",Off Rebound (1),U18 Next Gen Team Belgrade,,
U18 Next Gen Team Belgrade,U18 Partizan Mozzart Bet Belgrade,1er Cuarto,01:34,"BOTTELLI, FEDERICO",Missed Three Pointer (0/1 - 0 pt),U18 Next Gen Team Belgrade,,
U18 Next Gen Team Belgrade,U18 Partizan Mozzart Bet Belgrade,1er Cuarto,01:40,"BOTTELLI, FEDERICO",Def Rebound (1),U18 Next Gen Team Belgrade,,
U18 Next Gen Team Belgrade,U18 Partizan Mozzart Bet Belgrade,1er Cuarto,01:42,"PRATO, IVAN",Block (1),U18 Next Gen Team Belgrade,,
U18 Next Gen Team Belgrade,U18 Partizan Mozzart Bet Belgrade,1er Cuarto,01:44,"KOJIC, ALEKSA",Shot Rejected (2),U18 Partizan Mozzart Bet Belgrade,,
U18 Next Gen Team Belgrade,U18 Partizan Mozzart Bet Belgrade,1er Cuarto,01:44,"KOJIC, ALEKSA",Missed Two Pointer (0/2 - 0 pt),U18 Partizan Mozzart Bet Belgrade,,
U18 Next Gen Team Belgrade,U18 Partizan Mozzart Bet Belgrade,1er Cuarto,01:52,"ACUNZO, THOMAS",Out,U18 Next Gen Team Belgrade,,
U18 Next Gen Team Belgrade,U18 Partizan Mozzart Bet Belgrade,1er Cuarto,01:52,"KATANOVIC, BORNA",In,U18 Next Gen Team Belgrade,,
U18 Next Gen Team Belgrade,U18 Partizan Mozzart Bet Belgrade,1er Cuarto,01:54,"BOJOVIC, LUKAS NIKOLA",Steal (1),U18 Partizan Mozzart Bet Belgrade,,
U18 Next Gen Team Belgrade,U18 Partizan Mozzart Bet Belgrade,1er Cuarto,01:56,"NAJI, AKRAM",Turnover (1),U18 Next Gen Team Belgrade,,
U18 Next Gen Team Belgrade,U18 Partizan Mozzart Bet Belgrade,1er Cuarto,02:14,"DEFOUNDOUX, SACHA",Def Rebound (1),U18 Next Gen Team Belgrade,,
U18 Next Gen Team Belgrade,U18 Partizan Mozzart Bet Belgrade,1er Cuarto,02:17,"BOJOVIC, LUKAS NIKOLA",Missed Three Pointer (0/1 - 0 pt),U18 Partizan Mozzart Bet Belgrade,,
U18 Next Gen Team Belgrade,U18 Partizan Mozzart Bet Belgrade,1er Cuarto,02:41,"MIJAILOVIC, UROS",Foul Drawn (1),U18 Partizan Mozzart Bet Belgrade,,
U18 Next Gen Team Belgrade,U18 Partizan Mozzart Bet Belgrade,1er Cuarto,02:41,"ACUNZO, THOMAS",Turnover (3),U18 Next Gen Team Belgrade,,
U18 Next Gen Team Belgrade,U18 Partizan Mozzart Bet Belgrade,1er Cuarto,02:41,"ACUNZO, THOMAS",Offensive Foul (2),U18 Next Gen Team Belgrade,,
U18 Next Gen Team Belgrade,U18 Partizan Mozzart Bet Belgrade,1er Cuarto,02:51,"ILLES, LUCA-IONUT",Free Throw In (1/2 - 5 pt),U18 Partizan Mozzart Bet Belgrade,14,12
U18 Next Gen Team Belgrade,U18 Partizan Mozzart Bet Belgrade,1er Cuarto,02:51,"ILLES, LUCA-IONUT",Missed Free Throw (0/1 - 4 pt),U18 Partizan Mozzart Bet Belgrade,,
U18 Next Gen Team Belgrade,U18 Partizan Mozzart Bet Belgrade,1er Cuarto,02:51,"ILLES, LUCA-IONUT",Foul Drawn (1),U18 Partizan Mozzart Bet Belgrade,,
U18 Next Gen Team Belgrade,U18 Partizan Mozzart Bet Belgrade,1er Cuarto,02:51,"NAJI, AKRAM",Foul (1),U18 Next Gen Team Belgrade,,
U18 Next Gen Team Belgrade,U18 Partizan Mozzart Bet Belgrade,1er Cuarto,02:56,"SIJARIC, DARIS",Def Rebound (1),U18 Partizan Mozzart Bet Belgrade,,
U18 Next Gen Team Belgrade,U18 Partizan Mozzart Bet Belgrade,1er Cuarto,02:59,"NAJI, AKRAM",Missed Three Pointer (0/1 - 4 pt),U18 Next Gen Team Belgrade,,
U18 Next Gen Team Belgrade,U18 Partizan Mozzart Bet Belgrade,1er Cuarto,03:12,"ISAILOVIC, STEFAN",Out,U18 Partizan Mozzart Bet Belgrade,,
U18 Next Gen Team Belgrade,U18 Partizan Mozzart Bet Belgrade,1er Cuarto,03:12,"BOJOVIC, LUKAS NIKOLA",In,U18 Partizan Mozzart Bet Belgrade,,
U18 Next Gen Team Belgrade,U18 Partizan Mozzart Bet Belgrade,1er Cuarto,03:12,"DEFOUNDOUX, SACHA",In,U18 Next Gen Team Belgrade,,
U18 Next Gen Team Belgrade,U18 Partizan Mozzart Bet Belgrade,1er Cuarto,03:12,"RANDUSKA, BRUNO",Out,U18 Next Gen Team Belgrade,,
U18 Next Gen Team Belgrade,U18 Partizan Mozzart Bet Belgrade,1er Cuarto,03:12,"ACUNZO, THOMAS",Foul Drawn (1),U18 Next Gen Team Belgrade,,
U18 Next Gen Team Belgrade,U18 Partizan Mozzart Bet Belgrade,1er Cuarto,03:12,"KOJIC, ALEKSA",Foul (1),U18 Partizan Mozzart Bet Belgrade,,
U18 Next Gen Team Belgrade,U18 Partizan Mozzart Bet Belgrade,1er Cuarto,03:12,"ACUNZO, THOMAS",Steal (1),U18 Next Gen Team Belgrade,,
U18 Next Gen Team Belgrade,U18 Partizan Mozzart Bet Belgrade,1er Cuarto,03:12,"KOJIC, ALEKSA",Turnover (1),U18 Partizan Mozzart Bet Belgrade,,
U18 Next Gen Team Belgrade,U18 Partizan Mozzart Bet Belgrade,1er Cuarto,03:26,"NAJI, AKRAM",Two Pointer (2/2 - 4 pt),U18 Next Gen Team Belgrade,14,11
U18 Next Gen Team Belgrade,U18 Partizan Mozzart Bet Belgrade,1er Cuarto,03:30,"NAJI, AKRAM",Def Rebound (1),U18 Next Gen Team Belgrade,,
U18 Next Gen Team Belgrade,U18 Partizan Mozzart Bet Belgrade,1er Cuarto,03:32,"KOJIC, ALEKSA",Missed Three Pointer (0/1 - 0 pt),U18 Partizan Mozzart Bet Belgrade,,
U18 Next Gen Team Belgrade,U18 Partizan Mozzart Bet Belgrade,1er Cuarto,03:50,"NAJI, AKRAM",Two Pointer (1/1 - 2 pt),U18 Next Gen Team Belgrade,12,11
U18 Next Gen Team Belgrade,U18 Partizan Mozzart Bet Belgrade,1er Cuarto,03:50,"NAJI, AKRAM",Off Rebound (1),U18 Next Gen Team Belgrade,,
U18 Next Gen Team Belgrade,U18 Partizan Mozzart Bet Belgrade,1er Cuarto,03:54,"PRATO, IVAN",Missed Three Pointer (0/1 - 0 pt),U18 Next Gen Team Belgrade,,
U18 Next Gen Team Belgrade,U18 Partizan Mozzart Bet Belgrade,1er Cuarto,04:01,"BOTTELLI, FEDERICO",Foul Drawn (1),U18 Next Gen Team Belgrade,,
U18 Next Gen Team Belgrade,U18 Partizan Mozzart Bet Belgrade,1er Cuarto,04:01,"MIJAILOVIC, UROS",Foul (1),U18 Partizan Mozzart Bet Belgrade,,
U18 Next Gen Team Belgrade,U18 Partizan Mozzart Bet Belgrade,1er Cuarto,04:14,"MIJAILOVIC, UROS",In,U18 Partizan Mozzart Bet Belgrade,,
U18 Next Gen Team Belgrade,U18 Partizan Mozzart Bet Belgrade,1er Cuarto,04:14,"DANILOVIC, UROS",Out,U18 Partizan Mozzart Bet Belgrade,,
U18 Next Gen Team Belgrade,U18 Partizan Mozzart Bet Belgrade,1er Cuarto,04:14,"TOMANN, KAUR",Out,U18 Next Gen Team Belgrade,,
U18 Next Gen Team Belgrade,U18 Partizan Mozzart Bet Belgrade,1er Cuarto,04:14,"PRATO, IVAN",In,U18 Next Gen Team Belgrade,,
U18 Next Gen Team Belgrade,U18 Partizan Mozzart Bet Belgrade,1er Cuarto,04:14,,Def Rebound (2),U18 Next Gen Team Belgrade,,
U18 Next Gen Team Belgrade,U18 Partizan Mozzart Bet Belgrade,1er Cuarto,04:14,"NAJI, AKRAM",Block (1),U18 Next Gen Team Belgrade,,
U18 Next Gen Team Belgrade,U18 Partizan Mozzart Bet Belgrade,1er Cuarto,04:14,"KOJIC, ALEKSA",Shot Rejected (1),U18 Partizan Mozzart Bet Belgrade,,
U18 Next Gen Team Belgrade,U18 Partizan Mozzart Bet Belgrade,1er Cuarto,04:14,"KOJIC, ALEKSA",Missed Two Pointer (0/1 - 0 pt),U18 Partizan Mozzart Bet Belgrade,,
U18 Next Gen Team Belgrade,U18 Partizan Mozzart Bet Belgrade,1er Cuarto,04:34,"NAJI, AKRAM",In,U18 Next Gen Team Belgrade,,
U18 Next Gen Team Belgrade,U18 Partizan Mozzart Bet Belgrade,1er Cuarto,04:34,"TOWO-NANSI, AARON",Out,U18 Next Gen Team Belgrade,,
U18 Next Gen Team Belgrade,U18 Partizan Mozzart Bet Belgrade,1er Cuarto,04:34,"ACUNZO, THOMAS",Turnover (2),U18 Next Gen Team Belgrade,,
U18 Next Gen Team Belgrade,U18 Partizan Mozzart Bet Belgrade,1er Cuarto,04:35,"ACUNZO, THOMAS",Off Rebound (1),U18 Next Gen Team Belgrade,,
U18 Next Gen Team Belgrade,U18 Partizan Mozzart Bet Belgrade,1er Cuarto,04:35,"ACUNZO, THOMAS",Missed Two Pointer (0/1 - 0 pt),U18 Next Gen Team Belgrade,,
U18 Next Gen Team Belgrade,U18 Partizan Mozzart Bet Belgrade,1er Cuarto,04:51,"TOMANN, KAUR",Steal (1),U18 Next Gen Team Belgrade,,
U18 Next Gen Team Belgrade,U18 Partizan Mozzart Bet Belgrade,1er Cuarto,04:53,"ILLES, LUCA-IONUT",Turnover (2),U18 Partizan Mozzart Bet Belgrade,,
U18 Next Gen Team Belgrade,U18 Partizan Mozzart Bet Belgrade,1er Cuarto,04:55,"ILLES, LUCA-IONUT",Def Rebound (2),U18 Partizan Mozzart Bet Belgrade,,
U18 Next Gen Team Belgrade,U18 Partizan Mozzart Bet Belgrade,1er Cuarto,04:57,"TOMANN, KAUR",Missed Three Pointer (1/2 - 3 pt),U18 Next Gen Team Belgrade,,
U18 Next Gen Team Belgrade,U18 Partizan Mozzart Bet Belgrade,1er Cuarto,05:12,"DANILOVIC, UROS",Free Throw In (1/1 - 5 pt),U18 Partizan Mozzart Bet Belgrade,10,11
U18 Next Gen Team Belgrade,U18 Partizan Mozzart Bet Belgrade,1er Cuarto,05:12,"BOTTELLI, FEDERICO",In,U18 Next Gen Team Belgrade,,
U18 Next Gen Team Belgrade,U18 Partizan Mozzart Bet Belgrade,1er Cuarto,05:12,"LAZARSKI, BARTOSZ",Out,U18 Next Gen Team Belgrade,,
U18 Next Gen Team Belgrade,U18 Partizan Mozzart Bet Belgrade,1er Cuarto,05:12,"PRELEVIC, MATIJA",Out,U18 Partizan Mozzart Bet Belgrade,,
U18 Next Gen Team Belgrade,U18 Partizan Mozzart Bet Belgrade,1er Cuarto,05:12,"KOJIC, ALEKSA",In,U18 Partizan Mozzart Bet Belgrade,,
U18 Next Gen Team Belgrade,U18 Partizan Mozzart Bet Belgrade,1er Cuarto,05:12,"DANILOVIC, UROS",Foul Drawn (2),U18 Partizan Mozzart Bet Belgrade,,
U18 Next Gen Team Belgrade,U18 Partizan Mozzart Bet Belgrade,1er Cuarto,05:12,"ACUNZO, THOMAS",Foul (1),U18 Next Gen Team Belgrade,,
U18 Next Gen Team Belgrade,U18 Partizan Mozzart Bet Belgrade,1er Cuarto,05:12,"DANILOVIC, UROS",Two Pointer (2/3 - 4 pt),U18 Partizan Mozzart Bet Belgrade,10,10
U18 Next Gen Team Belgrade,U18 Partizan Mozzart Bet Belgrade,1er Cuarto,05:17,"ISAILOVIC, STEFAN",Steal (1),U18 Partizan Mozzart Bet Belgrade,,
U18 Next Gen Team Belgrade,U18 Partizan Mozzart Bet Belgrade,1er Cuarto,05:19,"ACUNZO, THOMAS",Turnover (1),U18 Next Gen Team Belgrade,,
U18 Next Gen Team Belgrade,U18 Partizan Mozzart Bet Belgrade,1er Cuarto,05:28,"ISAILOVIC, STEFAN",Assist (1),U18 Partizan Mozzart Bet Belgrade,,
U18 Next Gen Team Belgrade,U18 Partizan Mozzart Bet Belgrade,1er Cuarto,05:31,"SIJARIC, DARIS",Two Pointer (1/2 - 2 pt),U18 Partizan Mozzart Bet Belgrade,10,8
U18 Next Gen Team Belgrade,U18 Partizan Mozzart Bet Belgrade,1er Cuarto,05:45,"ACUNZO, THOMAS",In,U18 Next Gen Team Belgrade,,
U18 Next Gen Team Belgrade,U18 Partizan Mozzart Bet Belgrade,1er Cuarto,05:45,"STOLBETSKIY, DANIIL",Out,U18 Next Gen Team Belgrade,,
U18 Next Gen Team Belgrade,U18 Partizan Mozzart Bet Belgrade,1er Cuarto,05:45,"DANILOVIC, UROS",Foul Drawn (1),U18 Partizan Mozzart Bet Belgrade,,
U18 Next Gen Team Belgrade,U18 Partizan Mozzart Bet Belgrade,1er Cuarto,05:45,"RANDUSKA, BRUNO",Foul (1),U18 Next Gen Team Belgrade,,
U18 Next Gen Team Belgrade,U18 Partizan Mozzart Bet Belgrade,1er Cuarto,05:47,"DANILOVIC, UROS",Def Rebound (2),U18 Partizan Mozzart Bet Belgrade,,
U18 Next Gen Team Belgrade,U18 Partizan Mozzart Bet Belgrade,1er Cuarto,05:49,"TOWO-NANSI, AARON",Missed Three Pointer (0/1 - 0 pt),U18 Next Gen Team Belgrade,,
U18 Next Gen Team Belgrade,U18 Partizan Mozzart Bet Belgrade,1er Cuarto,06:06,"ILLES, LUCA-IONUT",Two Pointer (2/2 - 4 pt),U18 Partizan Mozzart Bet Belgrade,10,6
U18 Next Gen Team Belgrade,U18 Partizan Mozzart Bet Belgrade,1er Cuarto,06:17,"TOWO-NANSI, AARON",Assist (3),U18 Next Gen Team Belgrade,,
U18 Next Gen Team Belgrade,U18 Partizan Mozzart Bet Belgrade,1er Cuarto,06:19,"STOLBETSKIY, DANIIL",Two Pointer (2/3 - 4 pt),U18 Next Gen Team Belgrade,10,4
U18 Next Gen Team Belgrade,U18 Partizan Mozzart Bet Belgrade,1er Cuarto,06:29,"STOLBETSKIY, DANIIL",Def Rebound (1),U18 Next Gen Team Belgrade,,
U18 Next Gen Team Belgrade,U18 Partizan Mozzart Bet Belgrade,1er Cuarto,06:32,"DANILOVIC, UROS",Missed Two Pointer (1/2 - 2 pt),U18 Partizan Mozzart Bet Belgrade,,
U18 Next Gen Team Belgrade,U18 Partizan Mozzart Bet Belgrade,1er Cuarto,06:46,"LAZARSKI, BARTOSZ",Turnover (1),U18 Next Gen Team Belgrade,,
U18 Next Gen Team Belgrade,U18 Partizan Mozzart Bet Belgrade,1er Cuarto,07:07,"ILLES, LUCA-IONUT",Two Pointer (1/1 - 2 pt),U18 Partizan Mozzart Bet Belgrade,8,4
U18 Next Gen Team Belgrade,U18 Partizan Mozzart Bet Belgrade,1er Cuarto,07:18,,Time Out (1),U18 Partizan Mozzart Bet Belgrade,,
U18 Next Gen Team Belgrade,U18 Partizan Mozzart Bet Belgrade,1er Cuarto,07:18,"STOLBETSKIY, DANIIL",Assist (1),U18 Next Gen Team Belgrade,,
U18 Next Gen Team Belgrade,U18 Partizan Mozzart Bet Belgrade,1er Cuarto,07:18,"RANDUSKA, BRUNO",Three Pointer (1/1 - 3 pt),U18 Next Gen Team Belgrade,8,2
U18 Next Gen Team Belgrade,U18 Partizan Mozzart Bet Belgrade,1er Cuarto,07:31,"ILLES, LUCA-IONUT",Turnover (1),U18 Partizan Mozzart Bet Belgrade,,
U18 Next Gen Team Belgrade,U18 Partizan Mozzart Bet Belgrade,1er Cuarto,07:41,"PRELEVIC, MATIJA",Foul Drawn (1),U18 Partizan Mozzart Bet Belgrade,,
U18 Next Gen Team Belgrade,U18 Partizan Mozzart Bet Belgrade,1er Cuarto,07:41,"LAZARSKI, BARTOSZ",Foul (1),U18 Next Gen Team Belgrade,,
U18 Next Gen Team Belgrade,U18 Partizan Mozzart Bet Belgrade,1er Cuarto,07:59,"TOWO-NANSI, AARON",Assist (2),U18 Next Gen Team Belgrade,,
U18 Next Gen Team Belgrade,U18 Partizan Mozzart Bet Belgrade,1er Cuarto,08:01,"STOLBETSKIY, DANIIL",Two Pointer (1/2 - 2 pt),U18 Next Gen Team Belgrade,5,2
U18 Next Gen Team Belgrade,U18 Partizan Mozzart Bet Belgrade,1er Cuarto,08:10,"DANILOVIC, UROS",Two Pointer (1/1 - 2 pt),U18 Partizan Mozzart Bet Belgrade,3,2
U18 Next Gen Team Belgrade,U18 Partizan Mozzart Bet Belgrade,1er Cuarto,08:14,"DANILOVIC, UROS",Def Rebound (1),U18 Partizan Mozzart Bet Belgrade,,
U18 Next Gen Team Belgrade,U18 Partizan Mozzart Bet Belgrade,1er Cuarto,08:16,"TOWO-NANSI, AARON",Missed Two Pointer (0/1 - 0 pt),U18 Next Gen Team Belgrade,,
U18 Next Gen Team Belgrade,U18 Partizan Mozzart Bet Belgrade,1er Cuarto,08:20,"LAZARSKI, BARTOSZ",Def Rebound (1),U18 Next Gen Team Belgrade,,
U18 Next Gen Team Belgrade,U18 Partizan Mozzart Bet Belgrade,1er Cuarto,08:22,"TOMANN, KAUR",Block (1),U18 Next Gen Team Belgrade,,
U18 Next Gen Team Belgrade,U18 Partizan Mozzart Bet Belgrade,1er Cuarto,08:23,"SIJARIC, DARIS",Shot Rejected (1),U18 Partizan Mozzart Bet Belgrade,,
U18 Next Gen Team Belgrade,U18 Partizan Mozzart Bet Belgrade,1er Cuarto,08:24,"SIJARIC, DARIS",Missed Two Pointer (0/1 - 0 pt),U18 Partizan Mozzart Bet Belgrade,,
U18 Next Gen Team Belgrade,U18 Partizan Mozzart Bet Belgrade,1er Cuarto,08:47,"TOWO-NANSI, AARON",Assist (1),U18 Next Gen Team Belgrade,,
U18 Next Gen Team Belgrade,U18 Partizan Mozzart Bet Belgrade,1er Cuarto,08:49,"TOMANN, KAUR",Three Pointer (1/1 - 3 pt),U18 Next Gen Team Belgrade,3,0
U18 Next Gen Team Belgrade,U18 Partizan Mozzart Bet Belgrade,1er Cuarto,08:56,"LAZARSKI, BARTOSZ",Foul Drawn (1),U18 Next Gen Team Belgrade,,
U18 Next Gen Team Belgrade,U18 Partizan Mozzart Bet Belgrade,1er Cuarto,08:56,"DANILOVIC, UROS",Foul (1),U18 Partizan Mozzart Bet Belgrade,,
U18 Next Gen Team Belgrade,U18 Partizan Mozzart Bet Belgrade,1er Cuarto,09:04,,Def Rebound (1),U18 Next Gen Team Belgrade,,
U18 Next Gen Team Belgrade,U18 Partizan Mozzart Bet Belgrade,1er Cuarto,09:04,"SIJARIC, DARIS",Missed Free Throw (0/2 - 0 pt),U18 Partizan Mozzart Bet Belgrade,,
U18 Next Gen Team Belgrade,U18 Partizan Mozzart Bet Belgrade,1er Cuarto,09:04,"SIJARIC, DARIS",Missed Free Throw (0/1 - 0 pt),U18 Partizan Mozzart Bet Belgrade,,
U18 Next Gen Team Belgrade,U18 Partizan Mozzart Bet Belgrade,1er Cuarto,09:04,"SIJARIC, DARIS",Foul Drawn (1),U18 Partizan Mozzart Bet Belgrade,,
U18 Next Gen Team Belgrade,U18 Partizan Mozzart Bet Belgrade,1er Cuarto,09:04,"STOLBETSKIY, DANIIL",Foul (1),U18 Next Gen Team Belgrade,,
U18 Next Gen Team Belgrade,U18 Partizan Mozzart Bet Belgrade,1er Cuarto,09:07,"ILLES, LUCA-IONUT",Def Rebound (1),U18 Partizan Mozzart Bet Belgrade,,
U18 Next Gen Team Belgrade,U18 Partizan Mozzart Bet Belgrade,1er Cuarto,09:09,"LAZARSKI, BARTOSZ",Missed Three Pointer (0/1 - 0 pt),U18 Next Gen Team Belgrade,,
U18 Next Gen Team Belgrade,U18 Partizan Mozzart Bet Belgrade,1er Cuarto,09:13,,Off Rebound (1),U18 Next Gen Team Belgrade,,
U18 Next Gen Team Belgrade,U18 Partizan Mozzart Bet Belgrade,1er Cuarto,09:16,"STOLBETSKIY, DANIIL",Missed Two Pointer (0/1 - 0 pt),U18 Next Gen Team Belgrade,,
U18 Next Gen Team Belgrade,U18 Partizan Mozzart Bet Belgrade,1er Cuarto,09:36,,Turnover (1),U18 Partizan Mozzart Bet Belgrade,,
U18 Next Gen Team Belgrade,U18 Partizan Mozzart Bet Belgrade,1er Cuarto,09:38,"SIJARIC, DARIS",Missed Three Pointer (0/1 - 0 pt),U18 Partizan Mozzart Bet Belgrade,,
U18 Next Gen Team Belgrade,U18 Partizan Mozzart Bet Belgrade,1er Cuarto,09:58,,,U18 Partizan Mozzart Bet Belgrade,,
U18 Next Gen Team Belgrade,U18 Partizan Mozzart Bet Belgrade,2º Cuarto,00:01,"NAJI, AKRAM",Missed Three Pointer (1/5 - 9 pt),U18 Next Gen Team Belgrade,,
U18 Next Gen Team Belgrade,U18 Partizan Mozzart Bet Belgrade,2º Cuarto,00:23,"SUSA, IGOR",In,U18 Partizan Mozzart Bet Belgrade,,
U18 Next Gen Team Belgrade,U18 Partizan Mozzart Bet Belgrade,2º Cuarto,00:23,"SIJARIC, DARIS",Out,U18 Partizan Mozzart Bet Belgrade,,
U18 Next Gen Team Belgrade,U18 Partizan Mozzart Bet Belgrade,2º Cuarto,00:23,,Time Out (1),U18 Next Gen Team Belgrade,,
U18 Next Gen Team Belgrade,U18 Partizan Mozzart Bet Belgrade,2º Cuarto,00:23,"TOWO-NANSI, AARON",Steal (3),U18 Next Gen Team Belgrade,,
U18 Next Gen Team Belgrade,U18 Partizan Mozzart Bet Belgrade,2º Cuarto,00:23,"ILLES, LUCA-IONUT",Turnover (7),U18 Partizan Mozzart Bet Belgrade,,
U18 Next Gen Team Belgrade,U18 Partizan Mozzart Bet Belgrade,2º Cuarto,00:29,,Off Rebound (2),U18 Partizan Mozzart Bet Belgrade,,
U18 Next Gen Team Belgrade,U18 Partizan Mozzart Bet Belgrade,2º Cuarto,00:31,"PRELEVIC, MATIJA",Missed Two Pointer (0/1 - 1 pt),U18 Partizan Mozzart Bet Belgrade,,
U18 Next Gen Team Belgrade,U18 Partizan Mozzart Bet Belgrade,2º Cuarto,00:32,"PRELEVIC, MATIJA",Off Rebound (1),U18 Partizan Mozzart Bet Belgrade,,
U18 Next Gen Team Belgrade,U18 Partizan Mozzart Bet Belgrade,2º Cuarto,00:34,"ILLES, LUCA-IONUT",Missed Three Pointer (0/1 - 5 pt),U18 Partizan Mozzart Bet Belgrade,,
U18 Next Gen Team Belgrade,U18 Partizan Mozzart Bet Belgrade,2º Cuarto,00:53,"ILLES, LUCA-IONUT",Def Rebound (4),U18 Partizan Mozzart Bet Belgrade,,
U18 Next Gen Team Belgrade,U18 Partizan Mozzart Bet Belgrade,2º Cuarto,00:55,"TOWO-NANSI, AARON",Missed Three Pointer (1/4 - 4 pt),U18 Next Gen Team Belgrade,,
U18 Next Gen Team Belgrade,U18 Partizan Mozzart Bet Belgrade,2º Cuarto,00:57,"PRATO, IVAN",Off Rebound (2),U18 Next Gen Team Belgrade,,
U18 Next Gen Team Belgrade,U18 Partizan Mozzart Bet Belgrade,2º Cuarto,00:59,"NAJI, AKRAM",Missed Three Pointer (1/4 - 9 pt),U18 Next Gen Team Belgrade,,
U18 Next Gen Team Belgrade,U18 Partizan Mozzart Bet Belgrade,2º Cuarto,01:14,"TOWO-NANSI, AARON",Def Rebound (1),U18 Next Gen Team Belgrade,,
U18 Next Gen Team Belgrade,U18 Partizan Mozzart Bet Belgrade,2º Cuarto,01:16,"MIJAILOVIC, UROS",Missed Three Pointer (0/1 - 0 pt),U18 Partizan Mozzart Bet Belgrade,,
U18 Next Gen Team Belgrade,U18 Partizan Mozzart Bet Belgrade,2º Cuarto,01:19,"SIJARIC, DARIS",Off Rebound (2),U18 Partizan Mozzart Bet Belgrade,,
U18 Next Gen Team Belgrade,U18 Partizan Mozzart Bet Belgrade,2º Cuarto,01:21,"SIJARIC, DARIS",Missed Two Pointer (2/8 - 4 pt),U18 Partizan Mozzart Bet Belgrade,,
U18 Next Gen Team Belgrade,U18 Partizan Mozzart Bet Belgrade,2º Cuarto,01:41,"NAJI, AKRAM",Turnover (3),U18 Next Gen Team Belgrade,,
U18 Next Gen Team Belgrade,U18 Partizan Mozzart Bet Belgrade,2º Cuarto,01:44,"TOWO-NANSI, AARON",Steal (2),U18 Next Gen Team Belgrade,,
U18 Next Gen Team Belgrade,U18 Partizan Mozzart Bet Belgrade,2º Cuarto,01:46,"ILLES, LUCA-IONUT",Turnover (6),U18 Partizan Mozzart Bet Belgrade,,
U18 Next Gen Team Belgrade,U18 Partizan Mozzart Bet Belgrade,2º Cuarto,01:59,"SUSA, IGOR",Out,U18 Partizan Mozzart Bet Belgrade,,
U18 Next Gen Team Belgrade,U18 Partizan Mozzart Bet Belgrade,2º Cuarto,01:59,"SIJARIC, DARIS",In,U18 Partizan Mozzart Bet Belgrade,,
U18 Next Gen Team Belgrade,U18 Partizan Mozzart Bet Belgrade,2º Cuarto,01:59,"MIJAILOVIC, UROS",In,U18 Partizan Mozzart Bet Belgrade,,
U18 Next Gen Team Belgrade,U18 Partizan Mozzart Bet Belgrade,2º Cuarto,01:59,"ISAILOVIC, STEFAN",Out,U18 Partizan Mozzart Bet Belgrade,,
U18 Next Gen Team Belgrade,U18 Partizan Mozzart Bet Belgrade,2º Cuarto,01:59,"TOMANN, KAUR",Free Throw In (3/3 - 8 pt),U18 Next Gen Team Belgrade,36,18
U18 Next Gen Team Belgrade,U18 Partizan Mozzart Bet Belgrade,2º Cuarto,01:59,"TOMANN, KAUR",Free Throw In (2/2 - 7 pt),U18 Next Gen Team Belgrade,35,18
U18 Next Gen Team Belgrade,U18 Partizan Mozzart Bet Belgrade,2º Cuarto,01:59,"TOWO-NANSI, AARON",Assist (6),U18 Next Gen Team Belgrade,,
U18 Next Gen Team Belgrade,U18 Partizan Mozzart Bet Belgrade,2º Cuarto,01:59,"TOMANN, KAUR",Free Throw In (1/1 - 6 pt),U18 Next Gen Team Belgrade,34,18
U18 Next Gen Team Belgrade,U18 Partizan Mozzart Bet Belgrade,2º Cuarto,01:59,"KATANOVIC, BORNA",Out,U18 Next Gen Team Belgrade,,
U18 Next Gen Team Belgrade,U18 Partizan Mozzart Bet Belgrade,2º Cuarto,01:59,"NAJI, AKRAM",In,U18 Next Gen Team Belgrade,,
U18 Next Gen Team Belgrade,U18 Partizan Mozzart Bet Belgrade,2º Cuarto,01:59,"TOMANN, KAUR",Foul Drawn (1),U18 Next Gen Team Belgrade,,
U18 Next Gen Team Belgrade,U18 Partizan Mozzart Bet Belgrade,2º Cuarto,01:59,"ISAILOVIC, STEFAN",Foul (2),U18 Partizan Mozzart Bet Belgrade,,
U18 Next Gen Team Belgrade,U18 Partizan Mozzart Bet Belgrade,2º Cuarto,02:03,"PRATO, IVAN",Def Rebound (1),U18 Next Gen Team Belgrade,,
U18 Next Gen Team Belgrade,U18 Partizan Mozzart Bet Belgrade,2º Cuarto,02:05,"KATANOVIC, BORNA",Block (1),U18 Next Gen Team Belgrade,,
U18 Next Gen Team Belgrade,U18 Partizan Mozzart Bet Belgrade,2º Cuarto,02:08,"DANILOVIC, UROS",Shot Rejected (1),U18 Partizan Mozzart Bet Belgrade,,
U18 Next Gen Team Belgrade,U18 Partizan Mozzart Bet Belgrade,2º Cuarto,02:08,"DANILOVIC, UROS",Missed Two Pointer (2/4 - 7 pt),U18 Partizan Mozzart Bet Belgrade,,
U18 Next Gen Team Belgrade,U18 Partizan Mozzart Bet Belgrade,2º Cuarto,02:21,"TOWO-NANSI, AARON",Assist (5),U18 Next Gen Team Belgrade,,
U18 Next Gen Team Belgrade,U18 Partizan Mozzart Bet Belgrade,2º Cuarto,02:23,"KATANOVIC, BORNA",Two Pointer (1/3 - 2 pt),U18 Next Gen Team Belgrade,33,18
U18 Next Gen Team Belgrade,U18 Partizan Mozzart Bet Belgrade,2º Cuarto,02:25,"TOWO-NANSI, AARON",Steal (1),U18 Next Gen Team Belgrade,,
U18 Next Gen Team Belgrade,U18 Partizan Mozzart Bet Belgrade,2º Cuarto,02:27,"ILLES, LUCA-IONUT",Turnover (5),U18 Partizan Mozzart Bet Belgrade,,
U18 Next Gen Team Belgrade,U18 Partizan Mozzart Bet Belgrade,2º Cuarto,02:40,"MIRKOVIC, ZIVKO",Out,U18 Partizan Mozzart Bet Belgrade,,
U18 Next Gen Team Belgrade,U18 Partizan Mozzart Bet Belgrade,2º Cuarto,02:40,"ILLES, LUCA-IONUT",In,U18 Partizan Mozzart Bet Belgrade,,
U18 Next Gen Team Belgrade,U18 Partizan Mozzart Bet Belgrade,2º Cuarto,02:40,"PRELEVIC, MATIJA",Def Rebound (3),U18 Partizan Mozzart Bet Belgrade,,
U18 Next Gen Team Belgrade,U18 Partizan Mozzart Bet Belgrade,2º Cuarto,02:44,"TOWO-NANSI, AARON",Missed Three Pointer (1/3 - 4 pt),U18 Next Gen Team Belgrade,,
U18 Next Gen Team Belgrade,U18 Partizan Mozzart Bet Belgrade,2º Cuarto,02:51,"KATANOVIC, BORNA",Def Rebound (2),U18 Next Gen Team Belgrade,,
U18 Next Gen Team Belgrade,U18 Partizan Mozzart Bet Belgrade,2º Cuarto,02:53,"MIRKOVIC, ZIVKO",Missed Three Pointer (0/1 - 0 pt),U18 Partizan Mozzart Bet Belgrade,,
U18 Next Gen Team Belgrade,U18 Partizan Mozzart Bet Belgrade,2º Cuarto,03:18,"TOWO-NANSI, AARON",Free Throw In (1/2 - 4 pt),U18 Next Gen Team Belgrade,31,18
U18 Next Gen Team Belgrade,U18 Partizan Mozzart Bet Belgrade,2º Cuarto,03:18,"TOWO-NANSI, AARON",Missed Free Throw (0/1 - 3 pt),U18 Next Gen Team Belgrade,,
U18 Next Gen Team Belgrade,U18 Partizan Mozzart Bet Belgrade,2º Cuarto,03:18,"PRATO, IVAN",In,U18 Next Gen Team Belgrade,,
U18 Next Gen Team Belgrade,U18 Partizan Mozzart Bet Belgrade,2º Cuarto,03:18,"STOLBETSKIY, DANIIL",Out,U18 Next Gen Team Belgrade,,
U18 Next Gen Team Belgrade,U18 Partizan Mozzart Bet Belgrade,2º Cuarto,03:18,"TOWO-NANSI, AARON",Foul Drawn (1),U18 Next Gen Team Belgrade,,
U18 Next Gen Team Belgrade,U18 Partizan Mozzart Bet Belgrade,2º Cuarto,03:18,"ISAILOVIC, STEFAN",Foul (1),U18 Partizan Mozzart Bet Belgrade,,
U18 Next Gen Team Belgrade,U18 Partizan Mozzart Bet Belgrade,2º Cuarto,03:29,"SUSA, IGOR",Assist (1),U18 Partizan Mozzart Bet Belgrade,,
U18 Next Gen Team Belgrade,U18 Partizan Mozzart Bet Belgrade,2º Cuarto,03:29,"PRELEVIC, MATIJA",Free Throw In (1/2 - 1 pt),U18 Partizan Mozzart Bet Belgrade,30,18
U18 Next Gen Team Belgrade,U18 Partizan Mozzart Bet Belgrade,2º Cuarto,03:29,"PRELEVIC, MATIJA",Missed Free Throw (0/1 - 0 pt),U18 Partizan Mozzart Bet Belgrade,,
U18 Next Gen Team Belgrade,U18 Partizan Mozzart Bet Belgrade,2º Cuarto,03:29,"BOTTELLI, FEDERICO",Out,U18 Next Gen Team Belgrade,,
U18 Next Gen Team Belgrade,U18 Partizan Mozzart Bet Belgrade,2º Cuarto,03:29,"RANDUSKA, BRUNO",In,U18 Next Gen Team Belgrade,,
U18 Next Gen Team Belgrade,U18 Partizan Mozzart Bet Belgrade,2º Cuarto,03:29,"PRELEVIC, MATIJA",Foul Drawn (2),U18 Partizan Mozzart Bet Belgrade,,
U18 Next Gen Team Belgrade,U18 Partizan Mozzart Bet Belgrade,2º Cuarto,03:29,"STOLBETSKIY, DANIIL",Foul (2),U18 Next Gen Team Belgrade,,
U18 Next Gen Team Belgrade,U18 Partizan Mozzart Bet Belgrade,2º Cuarto,03:43,"PRELEVIC, MATIJA",Def Rebound (2),U18 Partizan Mozzart Bet Belgrade,,
U18 Next Gen Team Belgrade,U18 Partizan Mozzart Bet Belgrade,2º Cuarto,03:45,"STOLBETSKIY, DANIIL",Missed Three Pointer (0/1 - 4 pt),U18 Next Gen Team Belgrade,,
U18 Next Gen Team Belgrade,U18 Partizan Mozzart Bet Belgrade,2º Cuarto,03:54,"BOTTELLI, FEDERICO",Steal (1),U18 Next Gen Team Belgrade,,
U18 Next Gen Team Belgrade,U18 Partizan Mozzart Bet Belgrade,2º Cuarto,03:56,"DANILOVIC, UROS",Turnover (3),U18 Partizan Mozzart Bet Belgrade,,
U18 Next Gen Team Belgrade,U18 Partizan Mozzart Bet Belgrade,2º Cuarto,04:08,"PRELEVIC, MATIJA",Def Rebound (1),U18 Partizan Mozzart Bet Belgrade,,
U18 Next Gen Team Belgrade,U18 Partizan Mozzart Bet Belgrade,2º Cuarto,04:10,"STOLBETSKIY, DANIIL",Missed Two Pointer (2/4 - 4 pt),U18 Next Gen Team Belgrade,,
U18 Next Gen Team Belgrade,U18 Partizan Mozzart Bet Belgrade,2º Cuarto,04:25,"SUSA, IGOR",In,U18 Partizan Mozzart Bet Belgrade,,
U18 Next Gen Team Belgrade,U18 Partizan Mozzart Bet Belgrade,2º Cuarto,04:25,"SIJARIC, DARIS",Out,U18 Partizan Mozzart Bet Belgrade,,
U18 Next Gen Team Belgrade,U18 Partizan Mozzart Bet Belgrade,2º Cuarto,04:25,"PRELEVIC, MATIJA",In,U18 Partizan Mozzart Bet Belgrade,,
U18 Next Gen Team Belgrade,U18 Partizan Mozzart Bet Belgrade,2º Cuarto,04:25,"KOJIC, ALEKSA",Out,U18 Partizan Mozzart Bet Belgrade,,
U18 Next Gen Team Belgrade,U18 Partizan Mozzart Bet Belgrade,2º Cuarto,04:25,"DANILOVIC, UROS",Turnover (2),U18 Partizan Mozzart Bet Belgrade,,
U18 Next Gen Team Belgrade,U18 Partizan Mozzart Bet Belgrade,2º Cuarto,04:31,"KATANOVIC, BORNA",Assist (2),U18 Next Gen Team Belgrade,,
U18 Next Gen Team Belgrade,U18 Partizan Mozzart Bet Belgrade,2º Cuarto,04:32,"TOMANN, KAUR",Two Pointer (1/1 - 5 pt),U18 Next Gen Team Belgrade,30,17
U18 Next Gen Team Belgrade,U18 Partizan Mozzart Bet Belgrade,2º Cuarto,04:50,"KATANOVIC, BORNA",Steal (3),U18 Next Gen Team Belgrade,,
U18 Next Gen Team Belgrade,U18 Partizan Mozzart Bet Belgrade,2º Cuarto,04:52,"SIJARIC, DARIS",Turnover (1),U18 Partizan Mozzart Bet Belgrade,,
U18 Next Gen Team Belgrade,U18 Partizan Mozzart Bet Belgrade,2º Cuarto,04:59,"MIRKOVIC, ZIVKO",Foul Drawn (1),U18 Partizan Mozzart Bet Belgrade,,
U18 Next Gen Team Belgrade,U18 Partizan Mozzart Bet Belgrade,2º Cuarto,04:59,"KATANOVIC, BORNA",Foul (1),U18 Next Gen Team Belgrade,,
U18 Next Gen Team Belgrade,U18 Partizan Mozzart Bet Belgrade,2º Cuarto,05:02,"MIRKOVIC, ZIVKO",In,U18 Partizan Mozzart Bet Belgrade,,
U18 Next Gen Team Belgrade,U18 Partizan Mozzart Bet Belgrade,2º Cuarto,05:02,"ILLES, LUCA-IONUT",Out,U18 Partizan Mozzart Bet Belgrade,,
U18 Next Gen Team Belgrade,U18 Partizan Mozzart Bet Belgrade,2º Cuarto,05:02,"PRATO, IVAN",Out,U18 Next Gen Team Belgrade,,
U18 Next Gen Team Belgrade,U18 Partizan Mozzart Bet Belgrade,2º Cuarto,05:02,"STOLBETSKIY, DANIIL",In,U18 Next Gen Team Belgrade,,
U18 Next Gen Team Belgrade,U18 Partizan Mozzart Bet Belgrade,2º Cuarto,05:02,"DANILOVIC, UROS",Foul Drawn (4),U18 Partizan Mozzart Bet Belgrade,,
U18 Next Gen Team Belgrade,U18 Partizan Mozzart Bet Belgrade,2º Cuarto,05:02,"PRATO, IVAN",Foul (1),U18 Next Gen Team Belgrade,,
U18 Next Gen Team Belgrade,U18 Partizan Mozzart Bet Belgrade,2º Cuarto,05:05,"KOJIC, ALEKSA",Def Rebound (1),U18 Partizan Mozzart Bet Belgrade,,
U18 Next Gen Team Belgrade,U18 Partizan Mozzart Bet Belgrade,2º Cuarto,05:07,"KATANOVIC, BORNA",Missed Two Pointer (0/2 - 0 pt),U18 Next Gen Team Belgrade,,
U18 Next Gen Team Belgrade,U18 Partizan Mozzart Bet Belgrade,2º Cuarto,05:07,"KATANOVIC, BORNA",Off Rebound (1),U18 Next Gen Team Belgrade,,
U18 Next Gen Team Belgrade,U18 Partizan Mozzart Bet Belgrade,2º Cuarto,05:10,"TOWO-NANSI, AARON",Missed Two Pointer (0/2 - 3 pt),U18 Next Gen Team Belgrade,,
U18 Next Gen Team Belgrade,U18 Partizan Mozzart Bet Belgrade,2º Cuarto,05:25,"TOMANN, KAUR",Def Rebound (1),U18 Next Gen Team Belgrade,,
U18 Next Gen Team Belgrade,U18 Partizan Mozzart Bet Belgrade,2º Cuarto,05:28,"SIJARIC, DARIS",Missed Two Pointer (2/7 - 4 pt),U18 Partizan Mozzart Bet Belgrade,,
U18 Next Gen Team Belgrade,U18 Partizan Mozzart Bet Belgrade,2º Cuarto,05:52,"TOWO-NANSI, AARON",Assist (4),U18 Next Gen Team Belgrade,,
U18 Next Gen Team Belgrade,U18 Partizan Mozzart Bet Belgrade,2º Cuarto,05:54,"PRATO, IVAN",Two Pointer (1/1 - 5 pt),U18 Next Gen Team Belgrade,28,17
U18 Next Gen Team Belgrade,U18 Partizan Mozzart Bet Belgrade,2º Cuarto,06:07,"ISAILOVIC, STEFAN",In,U18 Partizan Mozzart Bet Belgrade,,
U18 Next Gen Team Belgrade,U18 Partizan Mozzart Bet Belgrade,2º Cuarto,06:07,"BOJOVIC, LUKAS NIKOLA",Out,U18 Partizan Mozzart Bet Belgrade,,
U18 Next Gen Team Belgrade,U18 Partizan Mozzart Bet Belgrade,2º Cuarto,06:07,"ILLES, LUCA-IONUT",Turnover (4),U18 Partizan Mozzart Bet Belgrade,,
U18 Next Gen Team Belgrade,U18 Partizan Mozzart Bet Belgrade,2º Cuarto,06:19,"SIJARIC, DARIS",Def Rebound (3),U18 Partizan Mozzart Bet Belgrade,,
U18 Next Gen Team Belgrade,U18 Partizan Mozzart Bet Belgrade,2º Cuarto,06:21,"BOTTELLI, FEDERICO",Missed Three Pointer (0/2 - 0 pt),U18 Next Gen Team Belgrade,,
U18 Next Gen Team Belgrade,U18 Partizan Mozzart Bet Belgrade,2º Cuarto,06:30,"BOTTELLI, FEDERICO",Foul Drawn (3),U18 Next Gen Team Belgrade,,
U18 Next Gen Team Belgrade,U18 Partizan Mozzart Bet Belgrade,2º Cuarto,06:30,"BOJOVIC, LUKAS NIKOLA",Foul (2),U18 Partizan Mozzart Bet Belgrade,,
U18 Next Gen Team Belgrade,U18 Partizan Mozzart Bet Belgrade,2º Cuarto,06:34,"KATANOVIC, BORNA",Def Rebound (1),U18 Next Gen Team Belgrade,,
U18 Next Gen Team Belgrade,U18 Partizan Mozzart Bet Belgrade,2º Cuarto,06:36,"SIJARIC, DARIS",Missed Two Pointer (2/6 - 4 pt),U18 Partizan Mozzart Bet Belgrade,,
U18 Next Gen Team Belgrade,U18 Partizan Mozzart Bet Belgrade,2º Cuarto,06:53,"TOWO-NANSI, AARON",Three Pointer (1/2 - 3 pt),U18 Next Gen Team Belgrade,26,17
U18 Next Gen Team Belgrade,U18 Partizan Mozzart Bet Belgrade,2º Cuarto,07:01,"NAJI, AKRAM",Out,U18 Next Gen Team Belgrade,,
U18 Next Gen Team Belgrade,U18 Partizan Mozzart Bet Belgrade,2º Cuarto,07:01,"BOTTELLI, FEDERICO",In,U18 Next Gen Team Belgrade,,
U18 Next Gen Team Belgrade,U18 Partizan Mozzart Bet Belgrade,2º Cuarto,07:01,"LAZARSKI, BARTOSZ",Out,U18 Next Gen Team Belgrade,,
U18 Next Gen Team Belgrade,U18 Partizan Mozzart Bet Belgrade,2º Cuarto,07:01,"TOWO-NANSI, AARON",In,U18 Next Gen Team Belgrade,,
U18 Next Gen Team Belgrade,U18 Partizan Mozzart Bet Belgrade,2º Cuarto,07:19,"ILLES, LUCA-IONUT",Assist (1),U18 Partizan Mozzart Bet Belgrade,,
U18 Next Gen Team Belgrade,U18 Partizan Mozzart Bet Belgrade,2º Cuarto,07:21,"SIJARIC, DARIS",Two Pointer (2/5 - 4 pt),U18 Partizan Mozzart Bet Belgrade,23,17
U18 Next Gen Team Belgrade,U18 Partizan Mozzart Bet Belgrade,2º Cuarto,07:28,"BOJOVIC, LUKAS NIKOLA",Steal (3),U18 Partizan Mozzart Bet Belgrade,,
U18 Next Gen Team Belgrade,U18 Partizan Mozzart Bet Belgrade,2º Cuarto,07:29,"NAJI, AKRAM",Turnover (2),U18 Next Gen Team Belgrade,,
U18 Next Gen Team Belgrade,U18 Partizan Mozzart Bet Belgrade,2º Cuarto,07:31,"NAJI, AKRAM",Steal (1),U18 Next Gen Team Belgrade,,
U18 Next Gen Team Belgrade,U18 Partizan Mozzart Bet Belgrade,2º Cuarto,07:33,"ILLES, LUCA-IONUT",Turnover (3),U18 Partizan Mozzart Bet Belgrade,,
U18 Next Gen Team Belgrade,U18 Partizan Mozzart Bet Belgrade,2º Cuarto,07:34,"ILLES, LUCA-IONUT",Def Rebound (3),U18 Partizan Mozzart Bet Belgrade,,
U18 Next Gen Team Belgrade,U18 Partizan Mozzart Bet Belgrade,2º Cuarto,07:36,"NAJI, AKRAM",Missed Three Pointer (1/3 - 9 pt),U18 Next Gen Team Belgrade,,
U18 Next Gen Team Belgrade,U18 Partizan Mozzart Bet Belgrade,2º Cuarto,07:58,"DANILOVIC, UROS",Free Throw In (3/3 - 7 pt),U18 Partizan Mozzart Bet Belgrade,23,15
U18 Next Gen Team Belgrade,U18 Partizan Mozzart Bet Belgrade,2º Cuarto,07:58,"DANILOVIC, UROS",Free Throw In (2/2 - 6 pt),U18 Partizan Mozzart Bet Belgrade,23,14
U18 Next Gen Team Belgrade,U18 Partizan Mozzart Bet Belgrade,2º Cuarto,07:58,"TOMANN, KAUR",In,U18 Next Gen Team Belgrade,,
U18 Next Gen Team Belgrade,U18 Partizan Mozzart Bet Belgrade,2º Cuarto,07:58,"DEFOUNDOUX, SACHA",Out,U18 Next Gen Team Belgrade,,
U18 Next Gen Team Belgrade,U18 Partizan Mozzart Bet Belgrade,2º Cuarto,07:58,"DANILOVIC, UROS",Foul Drawn (3),U18 Partizan Mozzart Bet Belgrade,,
U18 Next Gen Team Belgrade,U18 Partizan Mozzart Bet Belgrade,2º Cuarto,07:58,"LAZARSKI, BARTOSZ",Foul (2),U18 Next Gen Team Belgrade,,
U18 Next Gen Team Belgrade,U18 Partizan Mozzart Bet Belgrade,2º Cuarto,07:59,"DANILOVIC, UROS",Off Rebound (1),U18 Partizan Mozzart Bet Belgrade,,
U18 Next Gen Team Belgrade,U18 Partizan Mozzart Bet Belgrade,2º Cuarto,08:00,"SIJARIC, DARIS",Missed Two Pointer (1/4 - 2 pt),U18 Partizan Mozzart Bet Belgrade,,
U18 Next Gen Team Belgrade,U18 Partizan Mozzart Bet Belgrade,2º Cuarto,08:02,"SIJARIC, DARIS",Off Rebound (1),U18 Partizan Mozzart Bet Belgrade,,
U18 Next Gen Team Belgrade,U18 Partizan Mozzart Bet Belgrade,2º Cuarto,08:04,"DANILOVIC, UROS",Missed Three Pointer (0/1 - 5 pt),U18 Partizan Mozzart Bet Belgrade,,
U18 Next Gen Team Belgrade,U18 Partizan Mozzart Bet Belgrade,2º Cuarto,08:23,"PRATO, IVAN",Assist (1),U18 Next Gen Team Belgrade,,
U18 Next Gen Team Belgrade,U18 Partizan Mozzart Bet Belgrade,2º Cuarto,08:23,"LAZARSKI, BARTOSZ",Free Throw In (1/2 - 1 pt),U18 Next Gen Team Belgrade,23,13
U18 Next Gen Team Belgrade,U18 Partizan Mozzart Bet Belgrade,2º Cuarto,08:23,"LAZARSKI, BARTOSZ",Missed Free Throw (0/1 - 0 pt),U18 Next Gen Team Belgrade,,
U18 Next Gen Team Belgrade,U18 Partizan Mozzart Bet Belgrade,2º Cuarto,08:23,,Time Out (1),U18 Partizan Mozzart Bet Belgrade,,
U18 Next Gen Team Belgrade,U18 Partizan Mozzart Bet Belgrade,2º Cuarto,08:23,"LAZARSKI, BARTOSZ",Foul Drawn (2),U18 Next Gen Team Belgrade,,
U18 Next Gen Team Belgrade,U18 Partizan Mozzart Bet Belgrade,2º Cuarto,08:23,"ILLES, LUCA-IONUT",Foul (1),U18 Partizan Mozzart Bet Belgrade,,
U18 Next Gen Team Belgrade,U18 Partizan Mozzart Bet Belgrade,2º Cuarto,08:24,"PRATO, IVAN",Steal (1),U18 Next Gen Team Belgrade,,
U18 Next Gen Team Belgrade,U18 Partizan Mozzart Bet Belgrade,2º Cuarto,08:26,"DANILOVIC, UROS",Turnover (1),U18 Partizan Mozzart Bet Belgrade,,
U18 Next Gen Team Belgrade,U18 Partizan Mozzart Bet Belgrade,2º Cuarto,08:46,"BOJOVIC, LUKAS NIKOLA",Def Rebound (1),U18 Partizan Mozzart Bet Belgrade,,
U18 Next Gen Team Belgrade,U18 Partizan Mozzart Bet Belgrade,2º Cuarto,08:48,"NAJI, AKRAM",Missed Two Pointer (2/3 - 9 pt),U18 Next Gen Team Belgrade,,
U18 Next Gen Team Belgrade,U18 Partizan Mozzart Bet Belgrade,2º Cuarto,08:52,"LAZARSKI, BARTOSZ",Def Rebound (2),U18 Next Gen Team Belgrade,,
U18 Next Gen Team Belgrade,U18 Partizan Mozzart Bet Belgrade,2º Cuarto,08:55,"LAZARSKI, BARTOSZ",Block (1),U18 Next Gen Team Belgrade,,
U18 Next Gen Team Belgrade,U18 Partizan Mozzart Bet Belgrade,2º Cuarto,08:57,"SIJARIC, DARIS",Shot Rejected (2),U18 Partizan Mozzart Bet Belgrade,,
U18 Next Gen Team Belgrade,U18 Partizan Mozzart Bet Belgrade,2º Cuarto,08:57,"SIJARIC, DARIS",Missed Two Pointer (1/3 - 2 pt),U18 Partizan Mozzart Bet Belgrade,,
U18 Next Gen Team Belgrade,U18 Partizan Mozzart Bet Belgrade,2º Cuarto,09:12,"KATANOVIC, BORNA",Assist (1),U18 Next Gen Team Belgrade,,
U18 Next Gen Team Belgrade,U18 Partizan Mozzart Bet Belgrade,2º Cuarto,09:14,"PRATO, IVAN",Three Pointer (1/2 - 3 pt),U18 Next Gen Team Belgrade,22,13
U18 Next Gen Team Belgrade,U18 Partizan Mozzart Bet Belgrade,2º Cuarto,09:29,"NAJI, AKRAM",Def Rebound (2),U18 Next Gen Team Belgrade,,
U18 Next Gen Team Belgrade,U18 Partizan Mozzart Bet Belgrade,2º Cuarto,09:32,"SIJARIC, DARIS",Missed Three Pointer (0/2 - 2 pt),U18 Partizan Mozzart Bet Belgrade,,
U18 Next Gen Team Belgrade,U18 Partizan Mozzart Bet Belgrade,2º Cuarto,09:44,"SIJARIC, DARIS",Def Rebound (2),U18 Partizan Mozzart Bet Belgrade,,
U18 Next Gen Team Belgrade,U18 Partizan Mozzart Bet Belgrade,2º Cuarto,09:47,"KATANOVIC, BORNA",Missed Two Pointer (0/1 - 0 pt),U18 Next Gen Team Belgrade,,
U18 Next Gen Team Belgrade,U18 Partizan Mozzart Bet Belgrade,2º Cuarto,10:00,"GUJANICIC, SIBIN",Out,U18 Partizan Mozzart Bet Belgrade,,
U18 Next Gen Team Belgrade,U18 Partizan Mozzart Bet Belgrade,2º Cuarto,10:00,"KOJIC, ALEKSA",In,U18 Partizan Mozzart Bet Belgrade,,
U18 Next Gen Team Belgrade,U18 Partizan Mozzart Bet Belgrade,2º Cuarto,10:00,"MIJAILOVIC, UROS",Out,U18 Partizan Mozzart Bet Belgrade,,
U18 Next Gen Team Belgrade,U18 Partizan Mozzart Bet Belgrade,2º Cuarto,10:00,"DANILOVIC, UROS",In,U18 Partizan Mozzart Bet Belgrade,,
U18 Next Gen Team Belgrade,U18 Partizan Mozzart Bet Belgrade,2º Cuarto,10:00,"BOTTELLI, FEDERICO",Out,U18 Next Gen Team Belgrade,,
U18 Next Gen Team Belgrade,U18 Partizan Mozzart Bet Belgrade,2º Cuarto,10:00,"LAZARSKI, BARTOSZ",In,U18 Next Gen Team Belgrade,,
U18 Next Gen Team Belgrade,U18 Partizan Mozzart Bet Belgrade,3er Cuarto,00:13,"BOJOVIC, LUKAS NIKOLA",Def Rebound (2),U18 Partizan Mozzart Bet Belgrade,,
U18 Next Gen Team Belgrade,U18 Partizan Mozzart Bet Belgrade,3er Cuarto,00:16,"TOMANN, KAUR",Missed Three Pointer (2/5 - 11 pt),U18 Next Gen Team Belgrade,,
U18 Next Gen Team Belgrade,U18 Partizan Mozzart Bet Belgrade,3er Cuarto,00:20,"KATANOVIC, BORNA",Off Rebound (3),U18 Next Gen Team Belgrade,,
U18 Next Gen Team Belgrade,U18 Partizan Mozzart Bet Belgrade,3er Cuarto,00:22,"TOMANN, KAUR",Missed Two Pointer (1/2 - 11 pt),U18 Next Gen Team Belgrade,,
U18 Next Gen Team Belgrade,U18 Partizan Mozzart Bet Belgrade,3er Cuarto,00:38,"MIRKOVIC, ZIVKO",Assist (1),U18 Partizan Mozzart Bet Belgrade,,
U18 Next Gen Team Belgrade,U18 Partizan Mozzart Bet Belgrade,3er Cuarto,00:40,"DANILOVIC, UROS",Two Pointer (4/6 - 11 pt),U18 Partizan Mozzart Bet Belgrade,60,31
U18 Next Gen Team Belgrade,U18 Partizan Mozzart Bet Belgrade,3er Cuarto,00:43,"MIRKOVIC, ZIVKO",Steal (1),U18 Partizan Mozzart Bet Belgrade,,
U18 Next Gen Team Belgrade,U18 Partizan Mozzart Bet Belgrade,3er Cuarto,00:44,"BOTTELLI, FEDERICO",Turnover (3),U18 Next Gen Team Belgrade,,
U18 Next Gen Team Belgrade,U18 Partizan Mozzart Bet Belgrade,3er Cuarto,00:46,"BOTTELLI, FEDERICO",Steal (2),U18 Next Gen Team Belgrade,,
U18 Next Gen Team Belgrade,U18 Partizan Mozzart Bet Belgrade,3er Cuarto,00:48,"SIJARIC, DARIS",Turnover (2),U18 Partizan Mozzart Bet Belgrade,,
U18 Next Gen Team Belgrade,U18 Partizan Mozzart Bet Belgrade,3er Cuarto,01:07,"BOTTELLI, FEDERICO",Assist (1),U18 Next Gen Team Belgrade,,
U18 Next Gen Team Belgrade,U18 Partizan Mozzart Bet Belgrade,3er Cuarto,01:09,"KATANOVIC, BORNA",Two Pointer (2/4 - 4 pt),U18 Next Gen Team Belgrade,60,29
U18 Next Gen Team Belgrade,U18 Partizan Mozzart Bet Belgrade,3er Cuarto,01:18,"ACUNZO, THOMAS",In,U18 Next Gen Team Belgrade,,
U18 Next Gen Team Belgrade,U18 Partizan Mozzart Bet Belgrade,3er Cuarto,01:18,"PRATO, IVAN",Out,U18 Next Gen Team Belgrade,,
U18 Next Gen Team Belgrade,U18 Partizan Mozzart Bet Belgrade,3er Cuarto,01:18,"BOJOVIC, LUKAS NIKOLA",Turnover (3),U18 Partizan Mozzart Bet Belgrade,,
U18 Next Gen Team Belgrade,U18 Partizan Mozzart Bet Belgrade,3er Cuarto,01:21,"BOJOVIC, LUKAS NIKOLA",Steal (4),U18 Partizan Mozzart Bet Belgrade,,
U18 Next Gen Team Belgrade,U18 Partizan Mozzart Bet Belgrade,3er Cuarto,01:21,"BOTTELLI, FEDERICO",Turnover (2),U18 Next Gen Team Belgrade,,
U18 Next Gen Team Belgrade,U18 Partizan Mozzart Bet Belgrade,3er Cuarto,01:34,"SIJARIC, DARIS",Assist (1),U18 Partizan Mozzart Bet Belgrade,,
U18 Next Gen Team Belgrade,U18 Partizan Mozzart Bet Belgrade,3er Cuarto,01:35,"KOJIC, ALEKSA",Two Pointer (1/3 - 2 pt),U18 Partizan Mozzart Bet Belgrade,58,29
U18 Next Gen Team Belgrade,U18 Partizan Mozzart Bet Belgrade,3er Cuarto,01:56,"BOTTELLI, FEDERICO",Two Pointer (1/1 - 2 pt),U18 Next Gen Team Belgrade,58,27
U18 Next Gen Team Belgrade,U18 Partizan Mozzart Bet Belgrade,3er Cuarto,02:14,"BOJOVIC, LUKAS NIKOLA",Free Throw In (3/4 - 3 pt),U18 Partizan Mozzart Bet Belgrade,56,27
U18 Next Gen Team Belgrade,U18 Partizan Mozzart Bet Belgrade,3er Cuarto,02:14,"BOJOVIC, LUKAS NIKOLA",Free Throw In (2/3 - 2 pt),U18 Partizan Mozzart Bet Belgrade,56,26
U18 Next Gen Team Belgrade,U18 Partizan Mozzart Bet Belgrade,3er Cuarto,02:14,"BOJOVIC, LUKAS NIKOLA",Foul Drawn (3),U18 Partizan Mozzart Bet Belgrade,,
U18 Next Gen Team Belgrade,U18 Partizan Mozzart Bet Belgrade,3er Cuarto,02:14,"TOMANN, KAUR",Foul (1),U18 Next Gen Team Belgrade,,
U18 Next Gen Team Belgrade,U18 Partizan Mozzart Bet Belgrade,3er Cuarto,02:16,"BOJOVIC, LUKAS NIKOLA",Off Rebound (1),U18 Partizan Mozzart Bet Belgrade,,
U18 Next Gen Team Belgrade,U18 Partizan Mozzart Bet Belgrade,3er Cuarto,02:16,"KOJIC, ALEKSA",Missed Three Pointer (0/3 - 0 pt),U18 Partizan Mozzart Bet Belgrade,,
U18 Next Gen Team Belgrade,U18 Partizan Mozzart Bet Belgrade,3er Cuarto,02:27,"MIRKOVIC, ZIVKO",In,U18 Partizan Mozzart Bet Belgrade,,
U18 Next Gen Team Belgrade,U18 Partizan Mozzart Bet Belgrade,3er Cuarto,02:27,"ILLES, LUCA-IONUT",Out,U18 Partizan Mozzart Bet Belgrade,,
U18 Next Gen Team Belgrade,U18 Partizan Mozzart Bet Belgrade,3er Cuarto,02:41,"KATANOVIC, BORNA",Assist (3),U18 Next Gen Team Belgrade,,
U18 Next Gen Team Belgrade,U18 Partizan Mozzart Bet Belgrade,3er Cuarto,02:43,"LAZARSKI, BARTOSZ",Three Pointer (1/2 - 6 pt),U18 Next Gen Team Belgrade,56,25
U18 Next Gen Team Belgrade,U18 Partizan Mozzart Bet Belgrade,3er Cuarto,02:46,"KATANOVIC, BORNA",Off Rebound (2),U18 Next Gen Team Belgrade,,
U18 Next Gen Team Belgrade,U18 Partizan Mozzart Bet Belgrade,3er Cuarto,02:49,"TOMANN, KAUR",Missed Three Pointer (2/4 - 11 pt),U18 Next Gen Team Belgrade,,
U18 Next Gen Team Belgrade,U18 Partizan Mozzart Bet Belgrade,3er Cuarto,03:02,"BOTTELLI, FEDERICO",Def Rebound (2),U18 Next Gen Team Belgrade,,
U18 Next Gen Team Belgrade,U18 Partizan Mozzart Bet Belgrade,3er Cuarto,03:04,"ILLES, LUCA-IONUT",Missed Three Pointer (0/3 - 5 pt),U18 Partizan Mozzart Bet Belgrade,,
U18 Next Gen Team Belgrade,U18 Partizan Mozzart Bet Belgrade,3er Cuarto,03:15,"TOMANN, KAUR",Three Pointer (2/3 - 11 pt),U18 Next Gen Team Belgrade,53,25
U18 Next Gen Team Belgrade,U18 Partizan Mozzart Bet Belgrade,3er Cuarto,03:34,"DANILOVIC, UROS",Two Pointer (3/5 - 9 pt),U18 Partizan Mozzart Bet Belgrade,50,25
U18 Next Gen Team Belgrade,U18 Partizan Mozzart Bet Belgrade,3er Cuarto,03:34,"DANILOVIC, UROS",Off Rebound (3),U18 Partizan Mozzart Bet Belgrade,,
U18 Next Gen Team Belgrade,U18 Partizan Mozzart Bet Belgrade,3er Cuarto,03:41,"ILLES, LUCA-IONUT",Missed Three Pointer (0/2 - 5 pt),U18 Partizan Mozzart Bet Belgrade,,
U18 Next Gen Team Belgrade,U18 Partizan Mozzart Bet Belgrade,3er Cuarto,03:52,"LAZARSKI, BARTOSZ",Free Throw In (3/4 - 3 pt),U18 Next Gen Team Belgrade,50,23
U18 Next Gen Team Belgrade,U18 Partizan Mozzart Bet Belgrade,3er Cuarto,03:52,"LAZARSKI, BARTOSZ",Free Throw In (2/3 - 2 pt),U18 Next Gen Team Belgrade,49,23
U18 Next Gen Team Belgrade,U18 Partizan Mozzart Bet Belgrade,3er Cuarto,03:52,"MIJAILOVIC, UROS",Out,U18 Partizan Mozzart Bet Belgrade,,
U18 Next Gen Team Belgrade,U18 Partizan Mozzart Bet Belgrade,3er Cuarto,03:52,"BOJOVIC, LUKAS NIKOLA",In,U18 Partizan Mozzart Bet Belgrade,,
U18 Next Gen Team Belgrade,U18 Partizan Mozzart Bet Belgrade,3er Cuarto,03:52,"LAZARSKI, BARTOSZ",Foul Drawn (3),U18 Next Gen Team Belgrade,,
U18 Next Gen Team Belgrade,U18 Partizan Mozzart Bet Belgrade,3er Cuarto,03:52,"SIJARIC, DARIS",Foul (1),U18 Partizan Mozzart Bet Belgrade,,
U18 Next Gen Team Belgrade,U18 Partizan Mozzart Bet Belgrade,3er Cuarto,03:57,"BOTTELLI, FEDERICO",Foul Drawn (4),U18 Next Gen Team Belgrade,,
U18 Next Gen Team Belgrade,U18 Partizan Mozzart Bet Belgrade,3er Cuarto,03:57,"ILLES, LUCA-IONUT",Foul (2),U18 Partizan Mozzart Bet Belgrade,,
U18 Next Gen Team Belgrade,U18 Partizan Mozzart Bet Belgrade,3er Cuarto,04:03,"KATANOVIC, BORNA",Steal (4),U18 Next Gen Team Belgrade,,
U18 Next Gen Team Belgrade,U18 Partizan Mozzart Bet Belgrade,3er Cuarto,04:05,"DANILOVIC, UROS",Turnover (6),U18 Partizan Mozzart Bet Belgrade,,
U18 Next Gen Team Belgrade,U18 Partizan Mozzart Bet Belgrade,3er Cuarto,04:27,"TOMANN, KAUR",In,U18 Next Gen Team Belgrade,,
U18 Next Gen Team Belgrade,U18 Partizan Mozzart Bet Belgrade,3er Cuarto,04:27,"STOLBETSKIY, DANIIL",Out,U18 Next Gen Team Belgrade,,
U18 Next Gen Team Belgrade,U18 Partizan Mozzart Bet Belgrade,3er Cuarto,04:27,"BOTTELLI, FEDERICO",In,U18 Next Gen Team Belgrade,,
U18 Next Gen Team Belgrade,U18 Partizan Mozzart Bet Belgrade,3er Cuarto,04:27,"TOWO-NANSI, AARON",Out,U18 Next Gen Team Belgrade,,
U18 Next Gen Team Belgrade,U18 Partizan Mozzart Bet Belgrade,3er Cuarto,04:27,"TOWO-NANSI, AARON",Free Throw In (3/4 - 8 pt),U18 Next Gen Team Belgrade,48,23
U18 Next Gen Team Belgrade,U18 Partizan Mozzart Bet Belgrade,3er Cuarto,04:27,"TOWO-NANSI, AARON",Free Throw In (2/3 - 7 pt),U18 Next Gen Team Belgrade,47,23
U18 Next Gen Team Belgrade,U18 Partizan Mozzart Bet Belgrade,3er Cuarto,04:27,"DANILOVIC, UROS",In,U18 Partizan Mozzart Bet Belgrade,,
U18 Next Gen Team Belgrade,U18 Partizan Mozzart Bet Belgrade,3er Cuarto,04:27,"ISAILOVIC, STEFAN",Out,U18 Partizan Mozzart Bet Belgrade,,
U18 Next Gen Team Belgrade,U18 Partizan Mozzart Bet Belgrade,3er Cuarto,04:27,"TOWO-NANSI, AARON",Foul Drawn (3),U18 Next Gen Team Belgrade,,
U18 Next Gen Team Belgrade,U18 Partizan Mozzart Bet Belgrade,3er Cuarto,04:27,"ISAILOVIC, STEFAN",Foul (4),U18 Partizan Mozzart Bet Belgrade,,
U18 Next Gen Team Belgrade,U18 Partizan Mozzart Bet Belgrade,3er Cuarto,04:36,"ISAILOVIC, STEFAN",Free Throw In (2/2 - 5 pt),U18 Partizan Mozzart Bet Belgrade,46,23
U18 Next Gen Team Belgrade,U18 Partizan Mozzart Bet Belgrade,3er Cuarto,04:36,"ISAILOVIC, STEFAN",Free Throw In (1/1 - 4 pt),U18 Partizan Mozzart Bet Belgrade,46,22
U18 Next Gen Team Belgrade,U18 Partizan Mozzart Bet Belgrade,3er Cuarto,04:36,"KATANOVIC, BORNA",In,U18 Next Gen Team Belgrade,,
U18 Next Gen Team Belgrade,U18 Partizan Mozzart Bet Belgrade,3er Cuarto,04:36,"DEFOUNDOUX, SACHA",Out,U18 Next Gen Team Belgrade,,
U18 Next Gen Team Belgrade,U18 Partizan Mozzart Bet Belgrade,3er Cuarto,04:36,"ISAILOVIC, STEFAN",Foul Drawn (1),U18 Partizan Mozzart Bet Belgrade,,
U18 Next Gen Team Belgrade,U18 Partizan Mozzart Bet Belgrade,3er Cuarto,04:36,"STOLBETSKIY, DANIIL",Foul (3),U18 Next Gen Team Belgrade,,
U18 Next Gen Team Belgrade,U18 Partizan Mozzart Bet Belgrade,3er Cuarto,04:45,"ISAILOVIC, STEFAN",Def Rebound (1),U18 Partizan Mozzart Bet Belgrade,,
U18 Next Gen Team Belgrade,U18 Partizan Mozzart Bet Belgrade,3er Cuarto,04:47,"DEFOUNDOUX, SACHA",Missed Three Pointer (1/2 - 3 pt),U18 Next Gen Team Belgrade,,
U18 Next Gen Team Belgrade,U18 Partizan Mozzart Bet Belgrade,3er Cuarto,05:12,"PRATO, IVAN",Def Rebound (2),U18 Next Gen Team Belgrade,,
U18 Next Gen Team Belgrade,U18 Partizan Mozzart Bet Belgrade,3er Cuarto,05:12,"KOJIC, ALEKSA",Missed Free Throw (0/2 - 0 pt),U18 Partizan Mozzart Bet Belgrade,,
U18 Next Gen Team Belgrade,U18 Partizan Mozzart Bet Belgrade,3er Cuarto,05:12,"KOJIC, ALEKSA",Missed Free Throw (0/1 - 0 pt),U18 Partizan Mozzart Bet Belgrade,,
U18 Next Gen Team Belgrade,U18 Partizan Mozzart Bet Belgrade,3er Cuarto,05:12,"KOJIC, ALEKSA",Foul Drawn (2),U18 Partizan Mozzart Bet Belgrade,,
U18 Next Gen Team Belgrade,U18 Partizan Mozzart Bet Belgrade,3er Cuarto,05:12,"DEFOUNDOUX, SACHA",Foul (2),U18 Next Gen Team Belgrade,,
U18 Next Gen Team Belgrade,U18 Partizan Mozzart Bet Belgrade,3er Cuarto,05:31,"DEFOUNDOUX, SACHA",Turnover (1),U18 Next Gen Team Belgrade,,
U18 Next Gen Team Belgrade,U18 Partizan Mozzart Bet Belgrade,3er Cuarto,05:34,"LAZARSKI, BARTOSZ",Steal (1),U18 Next Gen Team Belgrade,,
U18 Next Gen Team Belgrade,U18 Partizan Mozzart Bet Belgrade,3er Cuarto,05:36,"MIJAILOVIC, UROS",Turnover (1),U18 Partizan Mozzart Bet Belgrade,,
U18 Next Gen Team Belgrade,U18 Partizan Mozzart Bet Belgrade,3er Cuarto,05:51,"MIJAILOVIC, UROS",In,U18 Partizan Mozzart Bet Belgrade,,
U18 Next Gen Team Belgrade,U18 Partizan Mozzart Bet Belgrade,3er Cuarto,05:51,"DANILOVIC, UROS",Out,U18 Partizan Mozzart Bet Belgrade,,
U18 Next Gen Team Belgrade,U18 Partizan Mozzart Bet Belgrade,3er Cuarto,05:51,"ILLES, LUCA-IONUT",In,U18 Partizan Mozzart Bet Belgrade,,
U18 Next Gen Team Belgrade,U18 Partizan Mozzart Bet Belgrade,3er Cuarto,05:51,"BOJOVIC, LUKAS NIKOLA",Out,U18 Partizan Mozzart Bet Belgrade,,
U18 Next Gen Team Belgrade,U18 Partizan Mozzart Bet Belgrade,3er Cuarto,05:51,"NAJI, AKRAM",Out,U18 Next Gen Team Belgrade,,
U18 Next Gen Team Belgrade,U18 Partizan Mozzart Bet Belgrade,3er Cuarto,05:51,"LAZARSKI, BARTOSZ",In,U18 Next Gen Team Belgrade,,
U18 Next Gen Team Belgrade,U18 Partizan Mozzart Bet Belgrade,3er Cuarto,05:51,,Time Out (1),U18 Partizan Mozzart Bet Belgrade,,
U18 Next Gen Team Belgrade,U18 Partizan Mozzart Bet Belgrade,3er Cuarto,05:51,"TOWO-NANSI, AARON",Two Pointer (1/3 - 6 pt),U18 Next Gen Team Belgrade,46,21
U18 Next Gen Team Belgrade,U18 Partizan Mozzart Bet Belgrade,3er Cuarto,05:52,"TOWO-NANSI, AARON",Steal (4),U18 Next Gen Team Belgrade,,
U18 Next Gen Team Belgrade,U18 Partizan Mozzart Bet Belgrade,3er Cuarto,05:54,"BOJOVIC, LUKAS NIKOLA",Turnover (2),U18 Partizan Mozzart Bet Belgrade,,
U18 Next Gen Team Belgrade,U18 Partizan Mozzart Bet Belgrade,3er Cuarto,06:01,"PRATO, IVAN",Assist (2),U18 Next Gen Team Belgrade,,
U18 Next Gen Team Belgrade,U18 Partizan Mozzart Bet Belgrade,3er Cuarto,06:03,"NAJI, AKRAM",Three Pointer (2/7 - 14 pt),U18 Next Gen Team Belgrade,44,21
U18 Next Gen Team Belgrade,U18 Partizan Mozzart Bet Belgrade,3er Cuarto,06:24,,Turnover (3),U18 Partizan Mozzart Bet Belgrade,,
U18 Next Gen Team Belgrade,U18 Partizan Mozzart Bet Belgrade,3er Cuarto,06:25,"ISAILOVIC, STEFAN",Missed Two Pointer (0/2 - 3 pt),U18 Partizan Mozzart Bet Belgrade,,
U18 Next Gen Team Belgrade,U18 Partizan Mozzart Bet Belgrade,3er Cuarto,06:31,"DANILOVIC, UROS",Off Rebound (2),U18 Partizan Mozzart Bet Belgrade,,
U18 Next Gen Team Belgrade,U18 Partizan Mozzart Bet Belgrade,3er Cuarto,06:33,"KOJIC, ALEKSA",Missed Three Pointer (0/2 - 0 pt),U18 Partizan Mozzart Bet Belgrade,,
U18 Next Gen Team Belgrade,U18 Partizan Mozzart Bet Belgrade,3er Cuarto,06:36,"ACUNZO, THOMAS",Out,U18 Next Gen Team Belgrade,,
U18 Next Gen Team Belgrade,U18 Partizan Mozzart Bet Belgrade,3er Cuarto,06:36,"PRATO, IVAN",In,U18 Next Gen Team Belgrade,,
U18 Next Gen Team Belgrade,U18 Partizan Mozzart Bet Belgrade,3er Cuarto,06:42,"BOJOVIC, LUKAS NIKOLA",Foul Drawn (2),U18 Partizan Mozzart Bet Belgrade,,
U18 Next Gen Team Belgrade,U18 Partizan Mozzart Bet Belgrade,3er Cuarto,06:42,"TOWO-NANSI, AARON",Foul (1),U18 Next Gen Team Belgrade,,
U18 Next Gen Team Belgrade,U18 Partizan Mozzart Bet Belgrade,3er Cuarto,06:47,"KOJIC, ALEKSA",Foul Drawn (1),U18 Partizan Mozzart Bet Belgrade,,
U18 Next Gen Team Belgrade,U18 Partizan Mozzart Bet Belgrade,3er Cuarto,06:47,"ACUNZO, THOMAS",Foul (3),U18 Next Gen Team Belgrade,,
U18 Next Gen Team Belgrade,U18 Partizan Mozzart Bet Belgrade,3er Cuarto,06:49,"KOJIC, ALEKSA",Def Rebound (3),U18 Partizan Mozzart Bet Belgrade,,
U18 Next Gen Team Belgrade,U18 Partizan Mozzart Bet Belgrade,3er Cuarto,06:50,"NAJI, AKRAM",Missed Three Pointer (1/6 - 11 pt),U18 Next Gen Team Belgrade,,
U18 Next Gen Team Belgrade,U18 Partizan Mozzart Bet Belgrade,3er Cuarto,06:58,"TOWO-NANSI, AARON",Foul Drawn (2),U18 Next Gen Team Belgrade,,
U18 Next Gen Team Belgrade,U18 Partizan Mozzart Bet Belgrade,3er Cuarto,06:58,"ISAILOVIC, STEFAN",Foul (3),U18 Partizan Mozzart Bet Belgrade,,
U18 Next Gen Team Belgrade,U18 Partizan Mozzart Bet Belgrade,3er Cuarto,07:13,"STOLBETSKIY, DANIIL",Steal (1),U18 Next Gen Team Belgrade,,
U18 Next Gen Team Belgrade,U18 Partizan Mozzart Bet Belgrade,3er Cuarto,07:15,"DANILOVIC, UROS",Turnover (5),U18 Partizan Mozzart Bet Belgrade,,
U18 Next Gen Team Belgrade,U18 Partizan Mozzart Bet Belgrade,3er Cuarto,07:33,"NAJI, AKRAM",Two Pointer (3/5 - 11 pt),U18 Next Gen Team Belgrade,41,21
U18 Next Gen Team Belgrade,U18 Partizan Mozzart Bet Belgrade,3er Cuarto,07:33,"NAJI, AKRAM",Off Rebound (2),U18 Next Gen Team Belgrade,,
U18 Next Gen Team Belgrade,U18 Partizan Mozzart Bet Belgrade,3er Cuarto,07:35,"TOWO-NANSI, AARON",Missed Three Pointer (1/5 - 4 pt),U18 Next Gen Team Belgrade,,
U18 Next Gen Team Belgrade,U18 Partizan Mozzart Bet Belgrade,3er Cuarto,07:53,"ILLES, LUCA-IONUT",Out,U18 Partizan Mozzart Bet Belgrade,,
U18 Next Gen Team Belgrade,U18 Partizan Mozzart Bet Belgrade,3er Cuarto,07:53,"BOJOVIC, LUKAS NIKOLA",In,U18 Partizan Mozzart Bet Belgrade,,
U18 Next Gen Team Belgrade,U18 Partizan Mozzart Bet Belgrade,3er Cuarto,07:53,,Turnover (2),U18 Partizan Mozzart Bet Belgrade,,
U18 Next Gen Team Belgrade,U18 Partizan Mozzart Bet Belgrade,3er Cuarto,07:55,"DEFOUNDOUX, SACHA",Block (1),U18 Next Gen Team Belgrade,,
U18 Next Gen Team Belgrade,U18 Partizan Mozzart Bet Belgrade,3er Cuarto,07:55,"ISAILOVIC, STEFAN",Shot Rejected (1),U18 Partizan Mozzart Bet Belgrade,,
U18 Next Gen Team Belgrade,U18 Partizan Mozzart Bet Belgrade,3er Cuarto,07:55,"ISAILOVIC, STEFAN",Missed Two Pointer (0/1 - 3 pt),U18 Partizan Mozzart Bet Belgrade,,
U18 Next Gen Team Belgrade,U18 Partizan Mozzart Bet Belgrade,3er Cuarto,08:20,"TOWO-NANSI, AARON",Assist (7),U18 Next Gen Team Belgrade,,
U18 Next Gen Team Belgrade,U18 Partizan Mozzart Bet Belgrade,3er Cuarto,08:22,"DEFOUNDOUX, SACHA",Three Pointer (1/1 - 3 pt),U18 Next Gen Team Belgrade,39,21
U18 Next Gen Team Belgrade,U18 Partizan Mozzart Bet Belgrade,3er Cuarto,08:28,"STOLBETSKIY, DANIIL",Def Rebound (3),U18 Next Gen Team Belgrade,,
U18 Next Gen Team Belgrade,U18 Partizan Mozzart Bet Belgrade,3er Cuarto,08:30,"SIJARIC, DARIS",Missed Two Pointer (2/9 - 4 pt),U18 Partizan Mozzart Bet Belgrade,,
U18 Next Gen Team Belgrade,U18 Partizan Mozzart Bet Belgrade,3er Cuarto,08:42,"SIJARIC, DARIS",Def Rebound (4),U18 Partizan Mozzart Bet Belgrade,,
U18 Next Gen Team Belgrade,U18 Partizan Mozzart Bet Belgrade,3er Cuarto,08:44,"NAJI, AKRAM",Missed Two Pointer (2/4 - 9 pt),U18 Next Gen Team Belgrade,,
U18 Next Gen Team Belgrade,U18 Partizan Mozzart Bet Belgrade,3er Cuarto,08:53,"STOLBETSKIY, DANIIL",Def Rebound (2),U18 Next Gen Team Belgrade,,
U18 Next Gen Team Belgrade,U18 Partizan Mozzart Bet Belgrade,3er Cuarto,08:55,"ILLES, LUCA-IONUT",Missed Two Pointer (2/3 - 5 pt),U18 Partizan Mozzart Bet Belgrade,,
U18 Next Gen Team Belgrade,U18 Partizan Mozzart Bet Belgrade,3er Cuarto,09:01,"DANILOVIC, UROS",Def Rebound (3),U18 Partizan Mozzart Bet Belgrade,,
U18 Next Gen Team Belgrade,U18 Partizan Mozzart Bet Belgrade,3er Cuarto,09:04,"ACUNZO, THOMAS",Missed Three Pointer (0/1 - 0 pt),U18 Next Gen Team Belgrade,,
U18 Next Gen Team Belgrade,U18 Partizan Mozzart Bet Belgrade,3er Cuarto,09:10,"ACUNZO, THOMAS",Steal (2),U18 Next Gen Team Belgrade,,
U18 Next Gen Team Belgrade,U18 Partizan Mozzart Bet Belgrade,3er Cuarto,09:12,"DANILOVIC, UROS",Turnover (4),U18 Partizan Mozzart Bet Belgrade,,
U18 Next Gen Team Belgrade,U18 Partizan Mozzart Bet Belgrade,3er Cuarto,09:14,"KOJIC, ALEKSA",Def Rebound (2),U18 Partizan Mozzart Bet Belgrade,,
U18 Next Gen Team Belgrade,U18 Partizan Mozzart Bet Belgrade,3er Cuarto,09:15,"SIJARIC, DARIS",Block (1),U18 Partizan Mozzart Bet Belgrade,,
U18 Next Gen Team Belgrade,U18 Partizan Mozzart Bet Belgrade,3er Cuarto,09:19,"ACUNZO, THOMAS",Shot Rejected (1),U18 Next Gen Team Belgrade,,
U18 Next Gen Team Belgrade,U18 Partizan Mozzart Bet Belgrade,3er Cuarto,09:19,"ACUNZO, THOMAS",Missed Two Pointer (0/2 - 0 pt),U18 Next Gen Team Belgrade,,
U18 Next Gen Team Belgrade,U18 Partizan Mozzart Bet Belgrade,3er Cuarto,09:36,"ISAILOVIC, STEFAN",Three Pointer (1/1 - 3 pt),U18 Partizan Mozzart Bet Belgrade,36,21
U18 Next Gen Team Belgrade,U18 Partizan Mozzart Bet Belgrade,3er Cuarto,10:00,"SUSA, IGOR",Out,U18 Partizan Mozzart Bet Belgrade,,
U18 Next Gen Team Belgrade,U18 Partizan Mozzart Bet Belgrade,3er Cuarto,10:00,"SIJARIC, DARIS",In,U18 Partizan Mozzart Bet Belgrade,,
U18 Next Gen Team Belgrade,U18 Partizan Mozzart Bet Belgrade,3er Cuarto,10:00,"PRELEVIC, MATIJA",Out,U18 Partizan Mozzart Bet Belgrade,,
U18 Next Gen Team Belgrade,U18 Partizan Mozzart Bet Belgrade,3er Cuarto,10:00,"KOJIC, ALEKSA",In,U18 Partizan Mozzart Bet Belgrade,,
U18 Next Gen Team Belgrade,U18 Partizan Mozzart Bet Belgrade,3er Cuarto,10:00,"MIJAILOVIC, UROS",Out,U18 Partizan Mozzart Bet Belgrade,,
U18 Next Gen Team Belgrade,U18 Partizan Mozzart Bet Belgrade,3er Cuarto,10:00,"ISAILOVIC, STEFAN",In,U18 Partizan Mozzart Bet Belgrade,,
U18 Next Gen Team Belgrade,U18 Partizan Mozzart Bet Belgrade,3er Cuarto,10:00,"TOMANN, KAUR",Out,U18 Next Gen Team Belgrade,,
U18 Next Gen Team Belgrade,U18 Partizan Mozzart Bet Belgrade,3er Cuarto,10:00,"ACUNZO, THOMAS",In,U18 Next Gen Team Belgrade,,
U18 Next Gen Team Belgrade,U18 Partizan Mozzart Bet Belgrade,3er Cuarto,10:00,"PRATO, IVAN",Out,U18 Next Gen Team Belgrade,,
U18 Next Gen Team Belgrade,U18 Partizan Mozzart Bet Belgrade,3er Cuarto,10:00,"STOLBETSKIY, DANIIL",In,U18 Next Gen Team Belgrade,,
U18 Next Gen Team Belgrade,U18 Partizan Mozzart Bet Belgrade,3er Cuarto,10:00,"DEFOUNDOUX, SACHA",In,U18 Next Gen Team Belgrade,,
U18 Next Gen Team Belgrade,U18 Partizan Mozzart Bet Belgrade,3er Cuarto,10:00,"RANDUSKA, BRUNO",Out,U18 Next Gen Team Belgrade,,
U18 Next Gen Team Belgrade,U18 Partizan Mozzart Bet Belgrade,4º Cuarto,00:14,"LAZARSKI, BARTOSZ",Steal (2),U18 Next Gen Team Belgrade,,
U18 Next Gen Team Belgrade,U18 Partizan Mozzart Bet Belgrade,4º Cuarto,00:16,"MIJAILOVIC, UROS",Turnover (2),U18 Partizan Mozzart Bet Belgrade,,
U18 Next Gen Team Belgrade,U18 Partizan Mozzart Bet Belgrade,4º Cuarto,00:24,"ISAILOVIC, STEFAN",Steal (3),U18 Partizan Mozzart Bet Belgrade,,
U18 Next Gen Team Belgrade,U18 Partizan Mozzart Bet Belgrade,4º Cuarto,00:30,"STOLBETSKIY, DANIIL",Turnover (1),U18 Next Gen Team Belgrade,,
U18 Next Gen Team Belgrade,U18 Partizan Mozzart Bet Belgrade,4º Cuarto,00:46,"ACUNZO, THOMAS",Def Rebound (5),U18 Next Gen Team Belgrade,,
U18 Next Gen Team Belgrade,U18 Partizan Mozzart Bet Belgrade,4º Cuarto,00:48,"SUSA, IGOR",Missed Two Pointer (0/1 - 0 pt),U18 Partizan Mozzart Bet Belgrade,,
U18 Next Gen Team Belgrade,U18 Partizan Mozzart Bet Belgrade,4º Cuarto,01:02,"ACUNZO, THOMAS",Two Pointer (2/5 - 4 pt),U18 Next Gen Team Belgrade,75,42
U18 Next Gen Team Belgrade,U18 Partizan Mozzart Bet Belgrade,4º Cuarto,01:02,"ACUNZO, THOMAS",Off Rebound (3),U18 Next Gen Team Belgrade,,
U18 Next Gen Team Belgrade,U18 Partizan Mozzart Bet Belgrade,4º Cuarto,01:06,"LAZARSKI, BARTOSZ",Missed Two Pointer (0/1 - 8 pt),U18 Next Gen Team Belgrade,,
U18 Next Gen Team Belgrade,U18 Partizan Mozzart Bet Belgrade,4º Cuarto,01:21,"ISAILOVIC, STEFAN",Assist (2),U18 Partizan Mozzart Bet Belgrade,,
U18 Next Gen Team Belgrade,U18 Partizan Mozzart Bet Belgrade,4º Cuarto,01:23,"MIJAILOVIC, UROS",Two Pointer (2/3 - 4 pt),U18 Partizan Mozzart Bet Belgrade,73,42
U18 Next Gen Team Belgrade,U18 Partizan Mozzart Bet Belgrade,4º Cuarto,01:27,"ISAILOVIC, STEFAN",Steal (2),U18 Partizan Mozzart Bet Belgrade,,
U18 Next Gen Team Belgrade,U18 Partizan Mozzart Bet Belgrade,4º Cuarto,01:29,"LAZARSKI, BARTOSZ",Turnover (2),U18 Next Gen Team Belgrade,,
U18 Next Gen Team Belgrade,U18 Partizan Mozzart Bet Belgrade,4º Cuarto,01:33,"DEFOUNDOUX, SACHA",Off Rebound (1),U18 Next Gen Team Belgrade,,
U18 Next Gen Team Belgrade,U18 Partizan Mozzart Bet Belgrade,4º Cuarto,01:36,"DEFOUNDOUX, SACHA",Missed Two Pointer (0/2 - 3 pt),U18 Next Gen Team Belgrade,,
U18 Next Gen Team Belgrade,U18 Partizan Mozzart Bet Belgrade,4º Cuarto,01:59,"ACUNZO, THOMAS",Def Rebound (4),U18 Next Gen Team Belgrade,,
U18 Next Gen Team Belgrade,U18 Partizan Mozzart Bet Belgrade,4º Cuarto,01:59,"LAZARSKI, BARTOSZ",Block (3),U18 Next Gen Team Belgrade,,
U18 Next Gen Team Belgrade,U18 Partizan Mozzart Bet Belgrade,4º Cuarto,01:59,"KOJIC, ALEKSA",Shot Rejected (3),U18 Partizan Mozzart Bet Belgrade,,
U18 Next Gen Team Belgrade,U18 Partizan Mozzart Bet Belgrade,4º Cuarto,01:59,"KOJIC, ALEKSA",Missed Two Pointer (1/5 - 2 pt),U18 Partizan Mozzart Bet Belgrade,,
U18 Next Gen Team Belgrade,U18 Partizan Mozzart Bet Belgrade,4º Cuarto,02:10,"SUSA, IGOR",Def Rebound (1),U18 Partizan Mozzart Bet Belgrade,,
U18 Next Gen Team Belgrade,U18 Partizan Mozzart Bet Belgrade,4º Cuarto,02:12,"ACUNZO, THOMAS",Missed Two Pointer (1/4 - 2 pt),U18 Next Gen Team Belgrade,,
U18 Next Gen Team Belgrade,U18 Partizan Mozzart Bet Belgrade,4º Cuarto,02:29,"MIJAILOVIC, UROS",Two Pointer (1/2 - 2 pt),U18 Partizan Mozzart Bet Belgrade,73,40
U18 Next Gen Team Belgrade,U18 Partizan Mozzart Bet Belgrade,4º Cuarto,02:29,"MIJAILOVIC, UROS",Off Rebound (1),U18 Partizan Mozzart Bet Belgrade,,
U18 Next Gen Team Belgrade,U18 Partizan Mozzart Bet Belgrade,4º Cuarto,02:32,"LAZARSKI, BARTOSZ",Block (2),U18 Next Gen Team Belgrade,,
U18 Next Gen Team Belgrade,U18 Partizan Mozzart Bet Belgrade,4º Cuarto,02:34,"MIJAILOVIC, UROS",Shot Rejected (1),U18 Partizan Mozzart Bet Belgrade,,
U18 Next Gen Team Belgrade,U18 Partizan Mozzart Bet Belgrade,4º Cuarto,02:34,"MIJAILOVIC, UROS",Missed Two Pointer (0/1 - 0 pt),U18 Partizan Mozzart Bet Belgrade,,
U18 Next Gen Team Belgrade,U18 Partizan Mozzart Bet Belgrade,4º Cuarto,02:52,"STOLBETSKIY, DANIIL",Free Throw In (2/2 - 6 pt),U18 Next Gen Team Belgrade,73,38
U18 Next Gen Team Belgrade,U18 Partizan Mozzart Bet Belgrade,4º Cuarto,02:52,"LAZARSKI, BARTOSZ",Assist (1),U18 Next Gen Team Belgrade,,
U18 Next Gen Team Belgrade,U18 Partizan Mozzart Bet Belgrade,4º Cuarto,02:52,"STOLBETSKIY, DANIIL",Free Throw In (1/1 - 5 pt),U18 Next Gen Team Belgrade,72,38
U18 Next Gen Team Belgrade,U18 Partizan Mozzart Bet Belgrade,4º Cuarto,02:52,"MIJAILOVIC, UROS",In,U18 Partizan Mozzart Bet Belgrade,,
U18 Next Gen Team Belgrade,U18 Partizan Mozzart Bet Belgrade,4º Cuarto,02:52,"BOJOVIC, LUKAS NIKOLA",Out,U18 Partizan Mozzart Bet Belgrade,,
U18 Next Gen Team Belgrade,U18 Partizan Mozzart Bet Belgrade,4º Cuarto,02:52,"STOLBETSKIY, DANIIL",Foul Drawn (1),U18 Next Gen Team Belgrade,,
U18 Next Gen Team Belgrade,U18 Partizan Mozzart Bet Belgrade,4º Cuarto,02:52,"DANILOVIC, UROS",Foul (2),U18 Partizan Mozzart Bet Belgrade,,
U18 Next Gen Team Belgrade,U18 Partizan Mozzart Bet Belgrade,4º Cuarto,03:03,"ACUNZO, THOMAS",Off Rebound (2),U18 Next Gen Team Belgrade,,
U18 Next Gen Team Belgrade,U18 Partizan Mozzart Bet Belgrade,4º Cuarto,03:06,"STOLBETSKIY, DANIIL",Missed Three Pointer (0/2 - 4 pt),U18 Next Gen Team Belgrade,,
U18 Next Gen Team Belgrade,U18 Partizan Mozzart Bet Belgrade,4º Cuarto,03:14,"LAZARSKI, BARTOSZ",Def Rebound (4),U18 Next Gen Team Belgrade,,
U18 Next Gen Team Belgrade,U18 Partizan Mozzart Bet Belgrade,4º Cuarto,03:16,"BOJOVIC, LUKAS NIKOLA",Missed Two Pointer (1/2 - 5 pt),U18 Partizan Mozzart Bet Belgrade,,
U18 Next Gen Team Belgrade,U18 Partizan Mozzart Bet Belgrade,4º Cuarto,03:22,"KOJIC, ALEKSA",Steal (1),U18 Partizan Mozzart Bet Belgrade,,
U18 Next Gen Team Belgrade,U18 Partizan Mozzart Bet Belgrade,4º Cuarto,03:23,"RANDUSKA, BRUNO",Turnover (1),U18 Next Gen Team Belgrade,,
U18 Next Gen Team Belgrade,U18 Partizan Mozzart Bet Belgrade,4º Cuarto,03:31,"DANILOVIC, UROS",In,U18 Partizan Mozzart Bet Belgrade,,
U18 Next Gen Team Belgrade,U18 Partizan Mozzart Bet Belgrade,4º Cuarto,03:31,"ILLES, LUCA-IONUT",Out,U18 Partizan Mozzart Bet Belgrade,,
U18 Next Gen Team Belgrade,U18 Partizan Mozzart Bet Belgrade,4º Cuarto,03:31,"ACUNZO, THOMAS",Foul Drawn (2),U18 Next Gen Team Belgrade,,
U18 Next Gen Team Belgrade,U18 Partizan Mozzart Bet Belgrade,4º Cuarto,03:31,"ILLES, LUCA-IONUT",Foul (4),U18 Partizan Mozzart Bet Belgrade,,
U18 Next Gen Team Belgrade,U18 Partizan Mozzart Bet Belgrade,4º Cuarto,03:36,"LAZARSKI, BARTOSZ",Def Rebound (3),U18 Next Gen Team Belgrade,,
U18 Next Gen Team Belgrade,U18 Partizan Mozzart Bet Belgrade,4º Cuarto,03:38,"KOJIC, ALEKSA",Missed Three Pointer (0/4 - 2 pt),U18 Partizan Mozzart Bet Belgrade,,
U18 Next Gen Team Belgrade,U18 Partizan Mozzart Bet Belgrade,4º Cuarto,03:51,"LAZARSKI, BARTOSZ",Free Throw In (5/7 - 8 pt),U18 Next Gen Team Belgrade,71,38
U18 Next Gen Team Belgrade,U18 Partizan Mozzart Bet Belgrade,4º Cuarto,03:51,"LAZARSKI, BARTOSZ",Missed Free Throw (4/6 - 7 pt),U18 Next Gen Team Belgrade,,
U18 Next Gen Team Belgrade,U18 Partizan Mozzart Bet Belgrade,4º Cuarto,03:51,"ACUNZO, THOMAS",Assist (1),U18 Next Gen Team Belgrade,,
U18 Next Gen Team Belgrade,U18 Partizan Mozzart Bet Belgrade,4º Cuarto,03:51,"LAZARSKI, BARTOSZ",Free Throw In (4/5 - 7 pt),U18 Next Gen Team Belgrade,70,38
U18 Next Gen Team Belgrade,U18 Partizan Mozzart Bet Belgrade,4º Cuarto,03:51,"LAZARSKI, BARTOSZ",Foul Drawn (4),U18 Next Gen Team Belgrade,,
U18 Next Gen Team Belgrade,U18 Partizan Mozzart Bet Belgrade,4º Cuarto,03:51,"ILLES, LUCA-IONUT",Foul (3),U18 Partizan Mozzart Bet Belgrade,,
U18 Next Gen Team Belgrade,U18 Partizan Mozzart Bet Belgrade,4º Cuarto,04:06,"STOLBETSKIY, DANIIL",Def Rebound (5),U18 Next Gen Team Belgrade,,
U18 Next Gen Team Belgrade,U18 Partizan Mozzart Bet Belgrade,4º Cuarto,04:07,"BOJOVIC, LUKAS NIKOLA",Missed Three Pointer (0/3 - 5 pt),U18 Partizan Mozzart Bet Belgrade,,
U18 Next Gen Team Belgrade,U18 Partizan Mozzart Bet Belgrade,4º Cuarto,04:19,"BOJOVIC, LUKAS NIKOLA",Def Rebound (3),U18 Partizan Mozzart Bet Belgrade,,
U18 Next Gen Team Belgrade,U18 Partizan Mozzart Bet Belgrade,4º Cuarto,04:21,"RANDUSKA, BRUNO",Missed Three Pointer (1/2 - 3 pt),U18 Next Gen Team Belgrade,,
U18 Next Gen Team Belgrade,U18 Partizan Mozzart Bet Belgrade,4º Cuarto,04:41,"BOJOVIC, LUKAS NIKOLA",Two Pointer (1/1 - 5 pt),U18 Partizan Mozzart Bet Belgrade,69,38
U18 Next Gen Team Belgrade,U18 Partizan Mozzart Bet Belgrade,4º Cuarto,04:53,"NAJI, AKRAM",Out,U18 Next Gen Team Belgrade,,
U18 Next Gen Team Belgrade,U18 Partizan Mozzart Bet Belgrade,4º Cuarto,04:53,"LAZARSKI, BARTOSZ",In,U18 Next Gen Team Belgrade,,
U18 Next Gen Team Belgrade,U18 Partizan Mozzart Bet Belgrade,4º Cuarto,04:53,"BOJOVIC, LUKAS NIKOLA",Foul Drawn (5),U18 Partizan Mozzart Bet Belgrade,,
U18 Next Gen Team Belgrade,U18 Partizan Mozzart Bet Belgrade,4º Cuarto,04:53,"NAJI, AKRAM",Foul (3),U18 Next Gen Team Belgrade,,
U18 Next Gen Team Belgrade,U18 Partizan Mozzart Bet Belgrade,4º Cuarto,04:54,"BOJOVIC, LUKAS NIKOLA",Steal (6),U18 Partizan Mozzart Bet Belgrade,,
U18 Next Gen Team Belgrade,U18 Partizan Mozzart Bet Belgrade,4º Cuarto,04:54,"NAJI, AKRAM",Turnover (6),U18 Next Gen Team Belgrade,,
U18 Next Gen Team Belgrade,U18 Partizan Mozzart Bet Belgrade,4º Cuarto,05:11,"STOLBETSKIY, DANIIL",Def Rebound (4),U18 Next Gen Team Belgrade,,
U18 Next Gen Team Belgrade,U18 Partizan Mozzart Bet Belgrade,4º Cuarto,05:11,"ILLES, LUCA-IONUT",Missed Free Throw (1/3 - 7 pt),U18 Partizan Mozzart Bet Belgrade,,
U18 Next Gen Team Belgrade,U18 Partizan Mozzart Bet Belgrade,4º Cuarto,05:11,"DANILOVIC, UROS",Out,U18 Partizan Mozzart Bet Belgrade,,
U18 Next Gen Team Belgrade,U18 Partizan Mozzart Bet Belgrade,4º Cuarto,05:11,"ISAILOVIC, STEFAN",In,U18 Partizan Mozzart Bet Belgrade,,
U18 Next Gen Team Belgrade,U18 Partizan Mozzart Bet Belgrade,4º Cuarto,05:13,"ILLES, LUCA-IONUT",Foul Drawn (2),U18 Partizan Mozzart Bet Belgrade,,
U18 Next Gen Team Belgrade,U18 Partizan Mozzart Bet Belgrade,4º Cuarto,05:13,"ACUNZO, THOMAS",Foul (4),U18 Next Gen Team Belgrade,,
U18 Next Gen Team Belgrade,U18 Partizan Mozzart Bet Belgrade,4º Cuarto,05:13,"ILLES, LUCA-IONUT",Two Pointer (3/4 - 7 pt),U18 Partizan Mozzart Bet Belgrade,69,36
U18 Next Gen Team Belgrade,U18 Partizan Mozzart Bet Belgrade,4º Cuarto,05:13,"ILLES, LUCA-IONUT",Off Rebound (1),U18 Partizan Mozzart Bet Belgrade,,
U18 Next Gen Team Belgrade,U18 Partizan Mozzart Bet Belgrade,4º Cuarto,05:13,"KOJIC, ALEKSA",Missed Two Pointer (1/4 - 2 pt),U18 Partizan Mozzart Bet Belgrade,,
U18 Next Gen Team Belgrade,U18 Partizan Mozzart Bet Belgrade,4º Cuarto,05:32,"BOJOVIC, LUKAS NIKOLA",Foul Drawn (4),U18 Partizan Mozzart Bet Belgrade,,
U18 Next Gen Team Belgrade,U18 Partizan Mozzart Bet Belgrade,4º Cuarto,05:32,"NAJI, AKRAM",Turnover (5),U18 Next Gen Team Belgrade,,
U18 Next Gen Team Belgrade,U18 Partizan Mozzart Bet Belgrade,4º Cuarto,05:32,"NAJI, AKRAM",Offensive Foul (2),U18 Next Gen Team Belgrade,,
U18 Next Gen Team Belgrade,U18 Partizan Mozzart Bet Belgrade,4º Cuarto,05:39,"DANILOVIC, UROS",Turnover (9),U18 Partizan Mozzart Bet Belgrade,,
U18 Next Gen Team Belgrade,U18 Partizan Mozzart Bet Belgrade,4º Cuarto,05:40,"KOJIC, ALEKSA",Def Rebound (4),U18 Partizan Mozzart Bet Belgrade,,
U18 Next Gen Team Belgrade,U18 Partizan Mozzart Bet Belgrade,4º Cuarto,05:43,"ILLES, LUCA-IONUT",Block (1),U18 Partizan Mozzart Bet Belgrade,,
U18 Next Gen Team Belgrade,U18 Partizan Mozzart Bet Belgrade,4º Cuarto,05:44,"RANDUSKA, BRUNO",Shot Rejected (1),U18 Next Gen Team Belgrade,,
U18 Next Gen Team Belgrade,U18 Partizan Mozzart Bet Belgrade,4º Cuarto,05:44,"RANDUSKA, BRUNO",Missed Two Pointer (0/2 - 3 pt),U18 Next Gen Team Belgrade,,
U18 Next Gen Team Belgrade,U18 Partizan Mozzart Bet Belgrade,4º Cuarto,05:47,"RANDUSKA, BRUNO",Steal (1),U18 Next Gen Team Belgrade,,
U18 Next Gen Team Belgrade,U18 Partizan Mozzart Bet Belgrade,4º Cuarto,05:49,"BOJOVIC, LUKAS NIKOLA",Turnover (4),U18 Partizan Mozzart Bet Belgrade,,
U18 Next Gen Team Belgrade,U18 Partizan Mozzart Bet Belgrade,4º Cuarto,06:08,"STOLBETSKIY, DANIIL",In,U18 Next Gen Team Belgrade,,
U18 Next Gen Team Belgrade,U18 Partizan Mozzart Bet Belgrade,4º Cuarto,06:08,"KATANOVIC, BORNA",Out,U18 Next Gen Team Belgrade,,
U18 Next Gen Team Belgrade,U18 Partizan Mozzart Bet Belgrade,4º Cuarto,06:08,"BOJOVIC, LUKAS NIKOLA",Steal (5),U18 Partizan Mozzart Bet Belgrade,,
U18 Next Gen Team Belgrade,U18 Partizan Mozzart Bet Belgrade,4º Cuarto,06:08,"NAJI, AKRAM",Turnover (4),U18 Next Gen Team Belgrade,,
U18 Next Gen Team Belgrade,U18 Partizan Mozzart Bet Belgrade,4º Cuarto,06:25,"SUSA, IGOR",In,U18 Partizan Mozzart Bet Belgrade,,
U18 Next Gen Team Belgrade,U18 Partizan Mozzart Bet Belgrade,4º Cuarto,06:25,"SIJARIC, DARIS",Out,U18 Partizan Mozzart Bet Belgrade,,
U18 Next Gen Team Belgrade,U18 Partizan Mozzart Bet Belgrade,4º Cuarto,06:25,"GUJANICIC, SIBIN",Out,U18 Partizan Mozzart Bet Belgrade,,
U18 Next Gen Team Belgrade,U18 Partizan Mozzart Bet Belgrade,4º Cuarto,06:25,"KOJIC, ALEKSA",In,U18 Partizan Mozzart Bet Belgrade,,
U18 Next Gen Team Belgrade,U18 Partizan Mozzart Bet Belgrade,4º Cuarto,06:25,"DANILOVIC, UROS",Turnover (8),U18 Partizan Mozzart Bet Belgrade,,
U18 Next Gen Team Belgrade,U18 Partizan Mozzart Bet Belgrade,4º Cuarto,06:40,"KATANOVIC, BORNA",Two Pointer (4/6 - 8 pt),U18 Next Gen Team Belgrade,69,34
U18 Next Gen Team Belgrade,U18 Partizan Mozzart Bet Belgrade,4º Cuarto,06:40,"KATANOVIC, BORNA",Off Rebound (4),U18 Next Gen Team Belgrade,,
U18 Next Gen Team Belgrade,U18 Partizan Mozzart Bet Belgrade,4º Cuarto,06:44,"RANDUSKA, BRUNO",Missed Two Pointer (0/1 - 3 pt),U18 Next Gen Team Belgrade,,
U18 Next Gen Team Belgrade,U18 Partizan Mozzart Bet Belgrade,4º Cuarto,06:44,"RANDUSKA, BRUNO",Off Rebound (1),U18 Next Gen Team Belgrade,,
U18 Next Gen Team Belgrade,U18 Partizan Mozzart Bet Belgrade,4º Cuarto,06:47,"DEFOUNDOUX, SACHA",Missed Two Pointer (0/1 - 3 pt),U18 Next Gen Team Belgrade,,
U18 Next Gen Team Belgrade,U18 Partizan Mozzart Bet Belgrade,4º Cuarto,07:12,"ILLES, LUCA-IONUT",Assist (2),U18 Partizan Mozzart Bet Belgrade,,
U18 Next Gen Team Belgrade,U18 Partizan Mozzart Bet Belgrade,4º Cuarto,07:14,"SIJARIC, DARIS",Two Pointer (3/11 - 6 pt),U18 Partizan Mozzart Bet Belgrade,67,34
U18 Next Gen Team Belgrade,U18 Partizan Mozzart Bet Belgrade,4º Cuarto,07:17,"ILLES, LUCA-IONUT",Steal (1),U18 Partizan Mozzart Bet Belgrade,,
U18 Next Gen Team Belgrade,U18 Partizan Mozzart Bet Belgrade,4º Cuarto,07:18,"KATANOVIC, BORNA",Turnover (1),U18 Next Gen Team Belgrade,,
U18 Next Gen Team Belgrade,U18 Partizan Mozzart Bet Belgrade,4º Cuarto,07:25,"ACUNZO, THOMAS",Def Rebound (3),U18 Next Gen Team Belgrade,,
U18 Next Gen Team Belgrade,U18 Partizan Mozzart Bet Belgrade,4º Cuarto,07:27,"DANILOVIC, UROS",Missed Two Pointer (4/7 - 12 pt),U18 Partizan Mozzart Bet Belgrade,,
U18 Next Gen Team Belgrade,U18 Partizan Mozzart Bet Belgrade,4º Cuarto,07:49,"MIRKOVIC, ZIVKO",Out,U18 Partizan Mozzart Bet Belgrade,,
U18 Next Gen Team Belgrade,U18 Partizan Mozzart Bet Belgrade,4º Cuarto,07:49,"ILLES, LUCA-IONUT",In,U18 Partizan Mozzart Bet Belgrade,,
U18 Next Gen Team Belgrade,U18 Partizan Mozzart Bet Belgrade,4º Cuarto,07:49,"NAJI, AKRAM",In,U18 Next Gen Team Belgrade,,
U18 Next Gen Team Belgrade,U18 Partizan Mozzart Bet Belgrade,4º Cuarto,07:49,"DEFOUNDOUX, SACHA",In,U18 Next Gen Team Belgrade,,
U18 Next Gen Team Belgrade,U18 Partizan Mozzart Bet Belgrade,4º Cuarto,07:49,"BOTTELLI, FEDERICO",Out,U18 Next Gen Team Belgrade,,
U18 Next Gen Team Belgrade,U18 Partizan Mozzart Bet Belgrade,4º Cuarto,07:49,"TOWO-NANSI, AARON",Out,U18 Next Gen Team Belgrade,,
U18 Next Gen Team Belgrade,U18 Partizan Mozzart Bet Belgrade,4º Cuarto,07:49,,Time Out (1),U18 Partizan Mozzart Bet Belgrade,,
U18 Next Gen Team Belgrade,U18 Partizan Mozzart Bet Belgrade,4º Cuarto,07:52,"TOWO-NANSI, AARON",Assist (9),U18 Next Gen Team Belgrade,,
U18 Next Gen Team Belgrade,U18 Partizan Mozzart Bet Belgrade,4º Cuarto,07:52,"KATANOVIC, BORNA",Two Pointer (3/5 - 6 pt),U18 Next Gen Team Belgrade,67,32
U18 Next Gen Team Belgrade,U18 Partizan Mozzart Bet Belgrade,4º Cuarto,07:56,"BOTTELLI, FEDERICO",Steal (3),U18 Next Gen Team Belgrade,,
U18 Next Gen Team Belgrade,U18 Partizan Mozzart Bet Belgrade,4º Cuarto,07:58,"MIRKOVIC, ZIVKO",Turnover (1),U18 Partizan Mozzart Bet Belgrade,,
U18 Next Gen Team Belgrade,U18 Partizan Mozzart Bet Belgrade,4º Cuarto,08:11,"TOWO-NANSI, AARON",Assist (8),U18 Next Gen Team Belgrade,,
U18 Next Gen Team Belgrade,U18 Partizan Mozzart Bet Belgrade,4º Cuarto,08:13,"ACUNZO, THOMAS",Two Pointer (1/3 - 2 pt),U18 Next Gen Team Belgrade,65,32
U18 Next Gen Team Belgrade,U18 Partizan Mozzart Bet Belgrade,4º Cuarto,08:24,"ACUNZO, THOMAS",Def Rebound (2),U18 Next Gen Team Belgrade,,
U18 Next Gen Team Belgrade,U18 Partizan Mozzart Bet Belgrade,4º Cuarto,08:26,"SIJARIC, DARIS",Missed Two Pointer (2/10 - 4 pt),U18 Partizan Mozzart Bet Belgrade,,
U18 Next Gen Team Belgrade,U18 Partizan Mozzart Bet Belgrade,4º Cuarto,08:36,"BOTTELLI, FEDERICO",Turnover (4),U18 Next Gen Team Belgrade,,
U18 Next Gen Team Belgrade,U18 Partizan Mozzart Bet Belgrade,4º Cuarto,08:37,"DANILOVIC, UROS",Turnover (7),U18 Partizan Mozzart Bet Belgrade,,
U18 Next Gen Team Belgrade,U18 Partizan Mozzart Bet Belgrade,4º Cuarto,08:39,"DANILOVIC, UROS",Def Rebound (4),U18 Partizan Mozzart Bet Belgrade,,
U18 Next Gen Team Belgrade,U18 Partizan Mozzart Bet Belgrade,4º Cuarto,08:39,"BOTTELLI, FEDERICO",Missed Three Pointer (0/3 - 2 pt),U18 Next Gen Team Belgrade,,
U18 Next Gen Team Belgrade,U18 Partizan Mozzart Bet Belgrade,4º Cuarto,08:55,"ACUNZO, THOMAS",Def Rebound (1),U18 Next Gen Team Belgrade,,
U18 Next Gen Team Belgrade,U18 Partizan Mozzart Bet Belgrade,4º Cuarto,08:55,"DANILOVIC, UROS",Missed Free Throw (4/5 - 12 pt),U18 Partizan Mozzart Bet Belgrade,,
U18 Next Gen Team Belgrade,U18 Partizan Mozzart Bet Belgrade,4º Cuarto,08:55,"DANILOVIC, UROS",Free Throw In (4/4 - 12 pt),U18 Partizan Mozzart Bet Belgrade,63,32
U18 Next Gen Team Belgrade,U18 Partizan Mozzart Bet Belgrade,4º Cuarto,08:55,"DANILOVIC, UROS",Foul Drawn (5),U18 Partizan Mozzart Bet Belgrade,,
U18 Next Gen Team Belgrade,U18 Partizan Mozzart Bet Belgrade,4º Cuarto,08:55,"KATANOVIC, BORNA",Foul (2),U18 Next Gen Team Belgrade,,
U18 Next Gen Team Belgrade,U18 Partizan Mozzart Bet Belgrade,4º Cuarto,08:58,"DANILOVIC, UROS",Steal (1),U18 Partizan Mozzart Bet Belgrade,,
U18 Next Gen Team Belgrade,U18 Partizan Mozzart Bet Belgrade,4º Cuarto,09:00,"TOWO-NANSI, AARON",Turnover (1),U18 Next Gen Team Belgrade,,
U18 Next Gen Team Belgrade,U18 Partizan Mozzart Bet Belgrade,4º Cuarto,09:16,"TOWO-NANSI, AARON",Foul Drawn (4),U18 Next Gen Team Belgrade,,
U18 Next Gen Team Belgrade,U18 Partizan Mozzart Bet Belgrade,4º Cuarto,09:16,"BOJOVIC, LUKAS NIKOLA",Foul (3),U18 Partizan Mozzart Bet Belgrade,,
U18 Next Gen Team Belgrade,U18 Partizan Mozzart Bet Belgrade,4º Cuarto,09:20,"TOWO-NANSI, AARON",Def Rebound (2),U18 Next Gen Team Belgrade,,
U18 Next Gen Team Belgrade,U18 Partizan Mozzart Bet Belgrade,4º Cuarto,09:21,"BOJOVIC, LUKAS NIKOLA",Missed Three Pointer (0/2 - 3 pt),U18 Partizan Mozzart Bet Belgrade,,
U18 Next Gen Team Belgrade,U18 Partizan Mozzart Bet Belgrade,4º Cuarto,09:40,"RANDUSKA, BRUNO",Assist (1),U18 Next Gen Team Belgrade,,
U18 Next Gen Team Belgrade,U18 Partizan Mozzart Bet Belgrade,4º Cuarto,09:42,"TOWO-NANSI, AARON",Three Pointer (2/6 - 11 pt),U18 Next Gen Team Belgrade,63,31
U18 Next Gen Team Belgrade,U18 Partizan Mozzart Bet Belgrade,4º Cuarto,10:00,"GUJANICIC, SIBIN",In,U18 Partizan Mozzart Bet Belgrade,,
U18 Next Gen Team Belgrade,U18 Partizan Mozzart Bet Belgrade,4º Cuarto,10:00,"KOJIC, ALEKSA",Out,U18 Partizan Mozzart Bet Belgrade,,
U18 Next Gen Team Belgrade,U18 Partizan Mozzart Bet Belgrade,4º Cuarto,10:00,"TOMANN, KAUR",Out,U18 Next Gen Team Belgrade,,
U18 Next Gen Team Belgrade,U18 Partizan Mozzart Bet Belgrade,4º Cuarto,10:00,"RANDUSKA, BRUNO",In,U18 Next Gen Team Belgrade,,
U18 Next Gen Team Belgrade,U18 Partizan Mozzart Bet Belgrade,4º Cuarto,10:00,"LAZARSKI, BARTOSZ",Out,U18 Next Gen Team Belgrade,,
U18 Next Gen Team Belgrade,U18 Partizan Mozzart Bet Belgrade,4º Cuarto,10:00,"TOWO-NANSI, AARON",In,U18 Next Gen Team Belgrade,,
