period,time,player,action_code,side,score_home,score_away,homeplayer1,homeplayer2,homeplayer3,homeplayer4,homeplayer5,awayplayer1,awayplayer2,awayplayer3,awayplayer4,awayplayer5
1,09:50,"MEREBASHVILI, SABA",TOV,U18 Joventut Badalona,0,0,"DEL CASTILLO, ERIC","MEREBASHVILI, SABA","PETROVICS, HELMUTS","PLATTEEUW, IAN","RUIZ, HUMBERTO","AGAMI, ELI","ARTMENKO, GABRIEL","BARAK, ERAN","GOLD, TAMIR","LACHMANOVICH, ARBEL"
1,09:50,"BARAK, ERAN",STL,U18 Maccabi Tel Aviv,0,0,"DEL CASTILLO, ERIC","MEREBASHVILI, SABA","PETROVICS, HELMUTS","PLATTEEUW, IAN","RUIZ, HUMBERTO","AGAMI, ELI","ARTMENKO, GABRIEL","BARAK, ERAN","GOLD, TAMIR","LACHMANOVICH, ARBEL"
1,09:43,"BARAK, ERAN",3PA,U18 Maccabi Tel Aviv,0,0,"DEL CASTILLO, ERIC","MEREBASHVILI, SABA","PETROVICS, HELMUTS","PLATTEEUW, IAN","RUIZ, HUMBERTO","AGAMI, ELI","ARTMENKO, GABRIEL","BARAK, ERAN","GOLD, TAMIR","LACHMANOVICH, ARBEL"
1,09:43,"MEREBASHVILI, SABA",DREB,U18 Joventut Badalona,0,0,"DEL CASTILLO, ERIC","MEREBASHVILI, SABA","PETROVICS, HELMUTS","PLATTEEUW, IAN","RUIZ, HUMBERTO","AGAMI, ELI","ARTMENKO, GABRIEL","BARAK, ERAN","GOLD, TAMIR","LACHMANOVICH, ARBEL"
1,09:39,"PETROVICS, HELMUTS",3PA,U18 Joventut Badalona,0,0,"DEL CASTILLO, ERIC","MEREBASHVILI, SABA","PETROVICS, HELMUTS","PLATTEEUW, IAN","RUIZ, HUMBERTO","AGAMI, ELI","ARTMENKO, GABRIEL","BARAK, ERAN","GOLD, TAMIR","LACHMANOVICH, ARBEL"
1,09:39,"RUIZ, HUMBERTO",OREB,U18 Joventut Badalona,0,0,"DEL CASTILLO, ERIC","MEREBASHVILI, SABA","PETROVICS, HELMUTS","PLATTEEUW, IAN","RUIZ, HUMBERTO","AGAMI, ELI","ARTMENKO, GABRIEL","BARAK, ERAN","GOLD, TAMIR","LACHMANOVICH, ARBEL"
1,09:39,"RUIZ, HUMBERTO",TOV,U18 Joventut Badalona,0,0,"DEL CASTILLO, ERIC","MEREBASHVILI, SABA","PETROVICS, HELMUTS","PLATTEEUW, IAN","RUIZ, HUMBERTO","AGAMI, ELI","ARTMENKO, GABRIEL","BARAK, ERAN","GOLD, TAMIR","LACHMANOVICH, ARBEL"
1,09:34,"LACHMANOVICH, ARBEL",STL,U18 Maccabi Tel Aviv,0,0,"DEL CASTILLO, ERIC","MEREBASHVILI, SABA","PETROVICS, HELMUTS","PLATTEEUW, IAN","RUIZ, HUMBERTO","AGAMI, ELI","ARTMENKO, GABRIEL","BARAK, ERAN","GOLD, TAMIR","LACHMANOVICH, ARBEL"
1,09:30,"AGAMI, ELI",2PA,U18 Maccabi Tel Aviv,0,0,"DEL CASTILLO, ERIC","MEREBASHVILI, SABA","PETROVICS, HELMUTS","PLATTEEUW, IAN","RUIZ, HUMBERTO","AGAMI, ELI","ARTMENKO, GABRIEL","BARAK, ERAN","GOLD, TAMIR","LACHMANOVICH, ARBEL"
1,09:30,"AGAMI, ELI",BLKRec,U18 Maccabi Tel Aviv,0,0,"DEL CASTILLO, ERIC","MEREBASHVILI, SABA","PETROVICS, HELMUTS","PLATTEEUW, IAN","RUIZ, HUMBERTO","AGAMI, ELI","ARTMENKO, GABRIEL","BARAK, ERAN","GOLD, TAMIR","LACHMANOVICH, ARBEL"
1,09:30,"DEL CASTILLO, ERIC",BLK,U18 Joventut Badalona,0,0,"DEL CASTILLO, ERIC","MEREBASHVILI, SABA","PETROVICS, HELMUTS","PLATTEEUW, IAN","RUIZ, HUMBERTO","AGAMI, ELI","ARTMENKO, GABRIEL","BARAK, ERAN","GOLD, TAMIR","LACHMANOVICH, ARBEL"
1,09:30,"PETROVICS, HELMUTS",DREB,U18 Joventut Badalona,0,0,"DEL CASTILLO, ERIC","MEREBASHVILI, SABA","PETROVICS, HELMUTS","PLATTEEUW, IAN","RUIZ, HUMBERTO","AGAMI, ELI","ARTMENKO, GABRIEL","BARAK, ERAN","GOLD, TAMIR","LACHMANOVICH, ARBEL"
1,09:10,"PLATTEEUW, IAN",TOV,U18 Joventut Badalona,0,0,"DEL CASTILLO, ERIC","MEREBASHVILI, SABA","PETROVICS, HELMUTS","PLATTEEUW, IAN","RUIZ, HUMBERTO","AGAMI, ELI","ARTMENKO, GABRIEL","BARAK, ERAN","GOLD, TAMIR","LACHMANOVICH, ARBEL"
1,08:36,"LACHMANOVICH, ARBEL",2PA,U18 Maccabi Tel Aviv,0,0,"DEL CASTILLO, ERIC","MEREBASHVILI, SABA","PETROVICS, HELMUTS","PLATTEEUW, IAN","RUIZ, HUMBERTO","AGAMI, ELI","ARTMENKO, GABRIEL","BARAK, ERAN","GOLD, TAMIR","LACHMANOVICH, ARBEL"
1,08:36,"PLATTEEUW, IAN",DREB,U18 Joventut Badalona,0,0,"DEL CASTILLO, ERIC","MEREBASHVILI, SABA","PETROVICS, HELMUTS","PLATTEEUW, IAN","RUIZ, HUMBERTO","AGAMI, ELI","ARTMENKO, GABRIEL","BARAK, ERAN","GOLD, TAMIR","LACHMANOVICH, ARBEL"
1,08:33,"GOLD, TAMIR",PF,U18 Maccabi Tel Aviv,0,0,"DEL CASTILLO, ERIC","MEREBASHVILI, SABA","PETROVICS, HELMUTS","PLATTEEUW, IAN","RUIZ, HUMBERTO","AGAMI, ELI","ARTMENKO, GABRIEL","BARAK, ERAN","GOLD, TAMIR","LACHMANOVICH, ARBEL"
1,08:33,"RUIZ, HUMBERTO",PFRec,U18 Joventut Badalona,0,0,"DEL CASTILLO, ERIC","MEREBASHVILI, SABA","PETROVICS, HELMUTS","PLATTEEUW, IAN","RUIZ, HUMBERTO","AGAMI, ELI","ARTMENKO, GABRIEL","BARAK, ERAN","GOLD, TAMIR","LACHMANOVICH, ARBEL"
1,08:27,"PLATTEEUW, IAN",TOV,U18 Joventut Badalona,0,0,"DEL CASTILLO, ERIC","MEREBASHVILI, SABA","PETROVICS, HELMUTS","PLATTEEUW, IAN","RUIZ, HUMBERTO","AGAMI, ELI","ARTMENKO, GABRIEL","BARAK, ERAN","GOLD, TAMIR","LACHMANOVICH, ARBEL"
1,08:13,"GOLD, TAMIR",3PA,U18 Maccabi Tel Aviv,0,0,"DEL CASTILLO, ERIC","MEREBASHVILI, SABA","PETROVICS, HELMUTS","PLATTEEUW, IAN","RUIZ, HUMBERTO","AGAMI, ELI","ARTMENKO, GABRIEL","BARAK, ERAN","GOLD, TAMIR","LACHMANOVICH, ARBEL"
1,08:13,"PETROVICS, HELMUTS",DREB,U18 Joventut Badalona,0,0,"DEL CASTILLO, ERIC","MEREBASHVILI, SABA","PETROVICS, HELMUTS","PLATTEEUW, IAN","RUIZ, HUMBERTO","AGAMI, ELI","ARTMENKO, GABRIEL","BARAK, ERAN","GOLD, TAMIR","LACHMANOVICH, ARBEL"
1,08:04,"PETROVICS, HELMUTS",2PM,U18 Joventut Badalona,2,0,"DEL CASTILLO, ERIC","MEREBASHVILI, SABA","PETROVICS, HELMUTS","PLATTEEUW, IAN","RUIZ, HUMBERTO","AGAMI, ELI","ARTMENKO, GABRIEL","BARAK, ERAN","GOLD, TAMIR","LACHMANOVICH, ARBEL"
1,07:40,"BARAK, ERAN",3PA,U18 Maccabi Tel Aviv,2,0,"DEL CASTILLO, ERIC","MEREBASHVILI, SABA","PETROVICS, HELMUTS","PLATTEEUW, IAN","RUIZ, HUMBERTO","AGAMI, ELI","ARTMENKO, GABRIEL","BARAK, ERAN","GOLD, TAMIR","LACHMANOVICH, ARBEL"
1,07:40,"DEL CASTILLO, ERIC",DREB,U18 Joventut Badalona,2,0,"DEL CASTILLO, ERIC","MEREBASHVILI, SABA","PETROVICS, HELMUTS","PLATTEEUW, IAN","RUIZ, HUMBERTO","AGAMI, ELI","ARTMENKO, GABRIEL","BARAK, ERAN","GOLD, TAMIR","LACHMANOVICH, ARBEL"
1,07:25,"MEREBASHVILI, SABA",2PA,U18 Joventut Badalona,2,0,"DEL CASTILLO, ERIC","MEREBASHVILI, SABA","PETROVICS, HELMUTS","PLATTEEUW, IAN","RUIZ, HUMBERTO","AGAMI, ELI","ARTMENKO, GABRIEL","BARAK, ERAN","GOLD, TAMIR","LACHMANOVICH, ARBEL"
1,07:25,"DEL CASTILLO, ERIC",OREB,U18 Joventut Badalona,2,0,"DEL CASTILLO, ERIC","MEREBASHVILI, SABA","PETROVICS, HELMUTS","PLATTEEUW, IAN","RUIZ, HUMBERTO","AGAMI, ELI","ARTMENKO, GABRIEL","BARAK, ERAN","GOLD, TAMIR","LACHMANOVICH, ARBEL"
1,07:25,"DEL CASTILLO, ERIC",2PM,U18 Joventut Badalona,4,0,"DEL CASTILLO, ERIC","MEREBASHVILI, SABA","PETROVICS, HELMUTS","PLATTEEUW, IAN","RUIZ, HUMBERTO","AGAMI, ELI","ARTMENKO, GABRIEL","BARAK, ERAN","GOLD, TAMIR","LACHMANOVICH, ARBEL"
1,07:08,"BARAK, ERAN",2PM,U18 Maccabi Tel Aviv,4,2,"DEL CASTILLO, ERIC","MEREBASHVILI, SABA","PETROVICS, HELMUTS","PLATTEEUW, IAN","RUIZ, HUMBERTO","AGAMI, ELI","ARTMENKO, GABRIEL","BARAK, ERAN","GOLD, TAMIR","LACHMANOVICH, ARBEL"
1,07:08,"RUIZ, HUMBERTO",PF,U18 Joventut Badalona,4,2,"DEL CASTILLO, ERIC","MEREBASHVILI, SABA","PETROVICS, HELMUTS","PLATTEEUW, IAN","RUIZ, HUMBERTO","AGAMI, ELI","ARTMENKO, GABRIEL","BARAK, ERAN","GOLD, TAMIR","LACHMANOVICH, ARBEL"
1,07:08,"BARAK, ERAN",PFRecShot,U18 Maccabi Tel Aviv,4,2,"DEL CASTILLO, ERIC","MEREBASHVILI, SABA","PETROVICS, HELMUTS","PLATTEEUW, IAN","RUIZ, HUMBERTO","AGAMI, ELI","ARTMENKO, GABRIEL","BARAK, ERAN","GOLD, TAMIR","LACHMANOVICH, ARBEL"
1,07:08,"BARAK, ERAN",FTM,U18 Maccabi Tel Aviv,4,3,"DEL CASTILLO, ERIC","MEREBASHVILI, SABA","PETROVICS, HELMUTS","PLATTEEUW, IAN","RUIZ, HUMBERTO","AGAMI, ELI","ARTMENKO, GABRIEL","BARAK, ERAN","GOLD, TAMIR","LACHMANOVICH, ARBEL"
1,06:51,"RUIZ, HUMBERTO",3PM,U18 Joventut Badalona,7,3,"DEL CASTILLO, ERIC","MEREBASHVILI, SABA","PETROVICS, HELMUTS","PLATTEEUW, IAN","RUIZ, HUMBERTO","AGAMI, ELI","ARTMENKO, GABRIEL","BARAK, ERAN","GOLD, TAMIR","LACHMANOVICH, ARBEL"
1,06:51,"PETROVICS, HELMUTS",AST,U18 Joventut Badalona,7,3,"DEL CASTILLO, ERIC","MEREBASHVILI, SABA","PETROVICS, HELMUTS","PLATTEEUW, IAN","RUIZ, HUMBERTO","AGAMI, ELI","ARTMENKO, GABRIEL","BARAK, ERAN","GOLD, TAMIR","LACHMANOVICH, ARBEL"
1,06:31,"GOLD, TAMIR",2PA,U18 Maccabi Tel Aviv,7,3,"DEL CASTILLO, ERIC","MEREBASHVILI, SABA","PETROVICS, HELMUTS","PLATTEEUW, IAN","RUIZ, HUMBERTO","AGAMI, ELI","ARTMENKO, GABRIEL","BARAK, ERAN","GOLD, TAMIR","LACHMANOVICH, ARBEL"
1,06:31,"PETROVICS, HELMUTS",AST,U18 Joventut Badalona,7,3,"DEL CASTILLO, ERIC","MEREBASHVILI, SABA","PETROVICS, HELMUTS","PLATTEEUW, IAN","RUIZ, HUMBERTO","AGAMI, ELI","ARTMENKO, GABRIEL","BARAK, ERAN","GOLD, TAMIR","LACHMANOVICH, ARBEL"
1,06:14,"BARAK, ERAN",PF,U18 Maccabi Tel Aviv,7,3,"DEL CASTILLO, ERIC","MEREBASHVILI, SABA","PETROVICS, HELMUTS","PLATTEEUW, IAN","RUIZ, HUMBERTO","AGAMI, ELI","ARTMENKO, GABRIEL","BARAK, ERAN","GOLD, TAMIR","LACHMANOVICH, ARBEL"
1,06:14,"DEL CASTILLO, ERIC",PFRec,U18 Joventut Badalona,7,3,"DEL CASTILLO, ERIC","MEREBASHVILI, SABA","PETROVICS, HELMUTS","PLATTEEUW, IAN","RUIZ, HUMBERTO","AGAMI, ELI","ARTMENKO, GABRIEL","BARAK, ERAN","GOLD, TAMIR","LACHMANOVICH, ARBEL"
1,06:08,"MEREBASHVILI, SABA",2PM,U18 Joventut Badalona,9,3,"DEL CASTILLO, ERIC","MEREBASHVILI, SABA","PETROVICS, HELMUTS","PLATTEEUW, IAN","RUIZ, HUMBERTO","AGAMI, ELI","ARTMENKO, GABRIEL","BARAK, ERAN","GOLD, TAMIR","LACHMANOVICH, ARBEL"
1,06:08,"PLATTEEUW, IAN",AST,U18 Joventut Badalona,9,3,"DEL CASTILLO, ERIC","MEREBASHVILI, SABA","PETROVICS, HELMUTS","PLATTEEUW, IAN","RUIZ, HUMBERTO","AGAMI, ELI","ARTMENKO, GABRIEL","BARAK, ERAN","GOLD, TAMIR","LACHMANOVICH, ARBEL"
1,05:56,"LACHMANOVICH, ARBEL",2PM,U18 Maccabi Tel Aviv,9,5,"DEL CASTILLO, ERIC","MEREBASHVILI, SABA","PETROVICS, HELMUTS","PLATTEEUW, IAN","RUIZ, HUMBERTO","AGAMI, ELI","ARTMENKO, GABRIEL","BARAK, ERAN","GOLD, TAMIR","LACHMANOVICH, ARBEL"
1,05:41,"PETROVICS, HELMUTS",TOV,U18 Joventut Badalona,9,5,"DEL CASTILLO, ERIC","MEREBASHVILI, SABA","PETROVICS, HELMUTS","PLATTEEUW, IAN","RUIZ, HUMBERTO","AGAMI, ELI","ARTMENKO, GABRIEL","BARAK, ERAN","GOLD, TAMIR","LACHMANOVICH, ARBEL"
1,05:24,"AGAMI, ELI",TOV,U18 Maccabi Tel Aviv,9,5,"BALDE, DANIEL","DEL CASTILLO, ERIC","GIL , MARTI","PETROVICS, HELMUTS","PLATTEEUW, IAN","AGAMI, ELI","ARTMENKO, GABRIEL","BARAK, ERAN","GOLD, TAMIR","LACHMANOVICH, ARBEL"
1,05:24,"DEL CASTILLO, ERIC",STL,U18 Joventut Badalona,9,5,"BALDE, DANIEL","DEL CASTILLO, ERIC","GIL , MARTI","PETROVICS, HELMUTS","PLATTEEUW, IAN","AGAMI, ELI","ARTMENKO, GABRIEL","BARAK, ERAN","GOLD, TAMIR","LACHMANOVICH, ARBEL"
1,05:17,"DEL CASTILLO, ERIC",2PM,U18 Joventut Badalona,11,5,"BALDE, DANIEL","DEL CASTILLO, ERIC","GIL , MARTI","PETROVICS, HELMUTS","PLATTEEUW, IAN","AGAMI, ELI","ARTMENKO, GABRIEL","BARAK, ERAN","GOLD, TAMIR","LACHMANOVICH, ARBEL"
1,05:17,"PLATTEEUW, IAN",AST,U18 Joventut Badalona,11,5,"BALDE, DANIEL","DEL CASTILLO, ERIC","GIL , MARTI","PETROVICS, HELMUTS","PLATTEEUW, IAN","AGAMI, ELI","ARTMENKO, GABRIEL","BARAK, ERAN","GOLD, TAMIR","LACHMANOVICH, ARBEL"
1,04:59,"BALDE, DANIEL",PF,U18 Joventut Badalona,11,5,"BALDE, DANIEL","DEL CASTILLO, ERIC","GIL , MARTI","PETROVICS, HELMUTS","PLATTEEUW, IAN","AGAMI, ELI","ARTMENKO, GABRIEL","BARAK, ERAN","GOLD, TAMIR","LACHMANOVICH, ARBEL"
1,04:59,"GOLD, TAMIR",PFRec,U18 Maccabi Tel Aviv,11,5,"BALDE, DANIEL","DEL CASTILLO, ERIC","GIL , MARTI","PETROVICS, HELMUTS","PLATTEEUW, IAN","AGAMI, ELI","ARTMENKO, GABRIEL","BARAK, ERAN","GOLD, TAMIR","LACHMANOVICH, ARBEL"
1,04:49,"ARTMENKO, GABRIEL",2PM,U18 Maccabi Tel Aviv,11,7,"BALDE, DANIEL","DEL CASTILLO, ERIC","GIL , MARTI","PETROVICS, HELMUTS","PLATTEEUW, IAN","ARTMENKO, GABRIEL","ASHKENAZI, KEREM","BARAK, ERAN","BERG, ROEE","LACHMANOVICH, ARBEL"
1,04:49,"LACHMANOVICH, ARBEL",AST,U18 Maccabi Tel Aviv,11,7,"BALDE, DANIEL","DEL CASTILLO, ERIC","GIL , MARTI","PETROVICS, HELMUTS","PLATTEEUW, IAN","ARTMENKO, GABRIEL","ASHKENAZI, KEREM","BARAK, ERAN","BERG, ROEE","LACHMANOVICH, ARBEL"
1,04:30,"BALDE, DANIEL",2PM,U18 Joventut Badalona,13,7,"BALDE, DANIEL","DEL CASTILLO, ERIC","GIL , MARTI","PETROVICS, HELMUTS","PLATTEEUW, IAN","ARTMENKO, GABRIEL","ASHKENAZI, KEREM","BARAK, ERAN","BERG, ROEE","LACHMANOVICH, ARBEL"
1,04:30,"PLATTEEUW, IAN",AST,U18 Joventut Badalona,13,7,"BALDE, DANIEL","DEL CASTILLO, ERIC","GIL , MARTI","PETROVICS, HELMUTS","PLATTEEUW, IAN","ARTMENKO, GABRIEL","ASHKENAZI, KEREM","BARAK, ERAN","BERG, ROEE","LACHMANOVICH, ARBEL"
1,04:11,"GIL , MARTI",PF,U18 Joventut Badalona,13,7,"BALDE, DANIEL","DEL CASTILLO, ERIC","GIL , MARTI","PETROVICS, HELMUTS","PLATTEEUW, IAN","ARTMENKO, GABRIEL","ASHKENAZI, KEREM","BARAK, ERAN","BERG, ROEE","LACHMANOVICH, ARBEL"
1,04:11,"LACHMANOVICH, ARBEL",PFRecShot,U18 Maccabi Tel Aviv,13,7,"BALDE, DANIEL","DEL CASTILLO, ERIC","GIL , MARTI","PETROVICS, HELMUTS","PLATTEEUW, IAN","ARTMENKO, GABRIEL","ASHKENAZI, KEREM","BARAK, ERAN","BERG, ROEE","LACHMANOVICH, ARBEL"
1,04:11,"LACHMANOVICH, ARBEL",FTM,U18 Maccabi Tel Aviv,13,8,"BALDE, DANIEL","DEL CASTILLO, ERIC","GIL , MARTI","PETROVICS, HELMUTS","PLATTEEUW, IAN","ARTMENKO, GABRIEL","ASHKENAZI, KEREM","BARAK, ERAN","BERG, ROEE","LACHMANOVICH, ARBEL"
1,04:11,"LACHMANOVICH, ARBEL",FTM,U18 Maccabi Tel Aviv,13,9,"BALDE, DANIEL","DEL CASTILLO, ERIC","GIL , MARTI","PETROVICS, HELMUTS","PLATTEEUW, IAN","ARTMENKO, GABRIEL","ASHKENAZI, KEREM","BARAK, ERAN","BERG, ROEE","LACHMANOVICH, ARBEL"
1,03:54,"DEL CASTILLO, ERIC",2PA,U18 Joventut Badalona,13,9,"BALDE, DANIEL","DEL CASTILLO, ERIC","GIL , MARTI","PETROVICS, HELMUTS","PLATTEEUW, IAN","ARTMENKO, GABRIEL","ASHKENAZI, KEREM","BARAK, ERAN","BERG, ROEE","LACHMANOVICH, ARBEL"
1,03:54,"BERG, ROEE",DREB,U18 Maccabi Tel Aviv,13,9,"BALDE, DANIEL","DEL CASTILLO, ERIC","GIL , MARTI","PETROVICS, HELMUTS","PLATTEEUW, IAN","ARTMENKO, GABRIEL","ASHKENAZI, KEREM","BARAK, ERAN","BERG, ROEE","LACHMANOVICH, ARBEL"
1,03:40,"ARTMENKO, GABRIEL",3PA,U18 Maccabi Tel Aviv,13,9,"BALDE, DANIEL","DEL CASTILLO, ERIC","GIL , MARTI","PETROVICS, HELMUTS","PLATTEEUW, IAN","ARTMENKO, GABRIEL","ASHKENAZI, KEREM","BARAK, ERAN","BERG, ROEE","LACHMANOVICH, ARBEL"
1,03:40,"PETROVICS, HELMUTS",DREB,U18 Joventut Badalona,13,9,"BALDE, DANIEL","DEL CASTILLO, ERIC","GIL , MARTI","PETROVICS, HELMUTS","PLATTEEUW, IAN","ARTMENKO, GABRIEL","ASHKENAZI, KEREM","BARAK, ERAN","BERG, ROEE","LACHMANOVICH, ARBEL"
1,03:20,"PLATTEEUW, IAN",2PM,U18 Joventut Badalona,15,9,"BALDE, DANIEL","DEL CASTILLO, ERIC","GIL , MARTI","PETROVICS, HELMUTS","PLATTEEUW, IAN","ARTMENKO, GABRIEL","ASHKENAZI, KEREM","BARAK, ERAN","BERG, ROEE","LACHMANOVICH, ARBEL"
1,02:57,"LACHMANOVICH, ARBEL",2PM,U18 Maccabi Tel Aviv,15,11,"BALDE, DANIEL","DEL CASTILLO, ERIC","GIL , MARTI","PETROVICS, HELMUTS","PLATTEEUW, IAN","ARTMENKO, GABRIEL","ASHKENAZI, KEREM","BARAK, ERAN","BERG, ROEE","LACHMANOVICH, ARBEL"
1,02:39,"LACHMANOVICH, ARBEL",PF,U18 Maccabi Tel Aviv,15,11,"BALDE, DANIEL","DEL CASTILLO, ERIC","GIL , MARTI","PETROVICS, HELMUTS","PLATTEEUW, IAN","ARTMENKO, GABRIEL","ASHKENAZI, KEREM","BARAK, ERAN","BERG, ROEE","LACHMANOVICH, ARBEL"
1,02:39,"GIL , MARTI",PFRec,U18 Joventut Badalona,15,11,"BALDE, DANIEL","DEL CASTILLO, ERIC","GIL , MARTI","PETROVICS, HELMUTS","PLATTEEUW, IAN","ARTMENKO, GABRIEL","ASHKENAZI, KEREM","BARAK, ERAN","BERG, ROEE","LACHMANOVICH, ARBEL"
1,02:34,"BALDE, DANIEL",TOV,U18 Joventut Badalona,15,11,"BALDE, DANIEL","BATLLE, PAU","DEL CASTILLO, ERIC","GIL , MARTI","PLATTEEUW, IAN","ASHKENAZI, KEREM","BARAK, ERAN","BERG, ROEE","GOLD, TAMIR","SHALMON, IFTAH"
1,02:33,"BERG, ROEE",STL,U18 Maccabi Tel Aviv,15,11,"BALDE, DANIEL","BATLLE, PAU","DEL CASTILLO, ERIC","GIL , MARTI","PLATTEEUW, IAN","ASHKENAZI, KEREM","BARAK, ERAN","BERG, ROEE","GOLD, TAMIR","SHALMON, IFTAH"
1,02:24,"BERG, ROEE",2PM,U18 Maccabi Tel Aviv,15,13,"BALDE, DANIEL","BATLLE, PAU","DEL CASTILLO, ERIC","GIL , MARTI","PLATTEEUW, IAN","ASHKENAZI, KEREM","BARAK, ERAN","BERG, ROEE","GOLD, TAMIR","SHALMON, IFTAH"
1,02:07,"PLATTEEUW, IAN",2PM,U18 Joventut Badalona,17,13,"BALDE, DANIEL","BATLLE, PAU","DEL CASTILLO, ERIC","GIL , MARTI","PLATTEEUW, IAN","ASHKENAZI, KEREM","BARAK, ERAN","BERG, ROEE","GOLD, TAMIR","SHALMON, IFTAH"
1,01:56,"DEL CASTILLO, ERIC",PF,U18 Joventut Badalona,17,13,"BALDE, DANIEL","BATLLE, PAU","DEL CASTILLO, ERIC","GIL , MARTI","PLATTEEUW, IAN","ASHKENAZI, KEREM","BARAK, ERAN","BERG, ROEE","GOLD, TAMIR","SHALMON, IFTAH"
1,01:56,"BARAK, ERAN",PFRec,U18 Maccabi Tel Aviv,17,13,"BALDE, DANIEL","BATLLE, PAU","DEL CASTILLO, ERIC","GIL , MARTI","PLATTEEUW, IAN","ASHKENAZI, KEREM","BARAK, ERAN","BERG, ROEE","GOLD, TAMIR","SHALMON, IFTAH"
1,01:47,"SHALMON, IFTAH",2PA,U18 Maccabi Tel Aviv,17,13,"BALDE, DANIEL","BATLLE, PAU","BERMEJO, PAU","DEL CASTILLO, ERIC","GIL , MARTI","ASHKENAZI, KEREM","BERG, ROEE","DODO, NITAY","GOLD, TAMIR","SHALMON, IFTAH"
1,01:47,"BALDE, DANIEL",DREB,U18 Joventut Badalona,17,13,"BALDE, DANIEL","BATLLE, PAU","BERMEJO, PAU","DEL CASTILLO, ERIC","GIL , MARTI","ASHKENAZI, KEREM","BERG, ROEE","DODO, NITAY","GOLD, TAMIR","SHALMON, IFTAH"
1,01:40,"GIL , MARTI",TOV,U18 Joventut Badalona,17,13,"BALDE, DANIEL","BATLLE, PAU","BERMEJO, PAU","DEL CASTILLO, ERIC","GIL , MARTI","ASHKENAZI, KEREM","BERG, ROEE","DODO, NITAY","GOLD, TAMIR","SHALMON, IFTAH"
1,01:40,"GOLD, TAMIR",STL,U18 Maccabi Tel Aviv,17,13,"BALDE, DANIEL","BATLLE, PAU","BERMEJO, PAU","DEL CASTILLO, ERIC","GIL , MARTI","ASHKENAZI, KEREM","BERG, ROEE","DODO, NITAY","GOLD, TAMIR","SHALMON, IFTAH"
1,01:29,"BERG, ROEE",TOV,U18 Maccabi Tel Aviv,17,13,"BALDE, DANIEL","BATLLE, PAU","BERMEJO, PAU","DEL CASTILLO, ERIC","GIL , MARTI","ASHKENAZI, KEREM","BERG, ROEE","DODO, NITAY","GOLD, TAMIR","SHALMON, IFTAH"
1,01:12,"GIL , MARTI",2PM,U18 Joventut Badalona,19,13,"BALDE, DANIEL","BATLLE, PAU","BERMEJO, PAU","DEL CASTILLO, ERIC","GIL , MARTI","ASHKENAZI, KEREM","BERG, ROEE","DODO, NITAY","GOLD, TAMIR","SHALMON, IFTAH"
1,00:52,"DODO, NITAY",2PM,U18 Maccabi Tel Aviv,19,15,"BALDE, DANIEL","BATLLE, PAU","BERMEJO, PAU","DEL CASTILLO, ERIC","GIL , MARTI","ASHKENAZI, KEREM","BERG, ROEE","DODO, NITAY","GOLD, TAMIR","SHALMON, IFTAH"
1,00:32,"BALDE, DANIEL",2PM,U18 Joventut Badalona,21,15,"BALDE, DANIEL","BATLLE, PAU","BERMEJO, PAU","DEL CASTILLO, ERIC","GIL , MARTI","ASHKENAZI, KEREM","BERG, ROEE","DODO, NITAY","GOLD, TAMIR","SHALMON, IFTAH"
1,00:09,"SHALMON, IFTAH",2PM,U18 Maccabi Tel Aviv,21,17,"BALDE, DANIEL","BATLLE, PAU","BERMEJO, PAU","DEL CASTILLO, ERIC","GIL , MARTI","ASHKENAZI, KEREM","BERG, ROEE","DODO, NITAY","GOLD, TAMIR","SHALMON, IFTAH"
1,00:01,"BERMEJO, PAU",2PA,U18 Joventut Badalona,21,17,"BALDE, DANIEL","BATLLE, PAU","BERMEJO, PAU","DEL CASTILLO, ERIC","GIL , MARTI","ASHKENAZI, KEREM","BERG, ROEE","DODO, NITAY","GOLD, TAMIR","SHALMON, IFTAH"
2,09:49,"DODO, NITAY",2PA,U18 Maccabi Tel Aviv,21,17,"BALDE, DANIEL","BATLLE, PAU","PALLARES, PAU","PETROVICS, HELMUTS","PLATTEEUW, IAN","ASHKENAZI, KEREM","DODO, NITAY","GOLD, TAMIR","SHALMON, IFTAH","STOLLER, ROM"
2,09:48,"PLATTEEUW, IAN",DREB,U18 Joventut Badalona,21,17,"BALDE, DANIEL","BATLLE, PAU","PALLARES, PAU","PETROVICS, HELMUTS","PLATTEEUW, IAN","ASHKENAZI, KEREM","DODO, NITAY","GOLD, TAMIR","SHALMON, IFTAH","STOLLER, ROM"
2,09:38,"BATLLE, PAU",TOV,U18 Joventut Badalona,21,17,"BALDE, DANIEL","BATLLE, PAU","PALLARES, PAU","PETROVICS, HELMUTS","PLATTEEUW, IAN","ASHKENAZI, KEREM","DODO, NITAY","GOLD, TAMIR","SHALMON, IFTAH","STOLLER, ROM"
2,09:37,"ASHKENAZI, KEREM",STL,U18 Maccabi Tel Aviv,21,17,"BALDE, DANIEL","BATLLE, PAU","PALLARES, PAU","PETROVICS, HELMUTS","PLATTEEUW, IAN","ASHKENAZI, KEREM","DODO, NITAY","GOLD, TAMIR","SHALMON, IFTAH","STOLLER, ROM"
2,09:30,"SHALMON, IFTAH",3PA,U18 Maccabi Tel Aviv,21,17,"BALDE, DANIEL","BATLLE, PAU","PALLARES, PAU","PETROVICS, HELMUTS","PLATTEEUW, IAN","ASHKENAZI, KEREM","DODO, NITAY","GOLD, TAMIR","SHALMON, IFTAH","STOLLER, ROM"
2,09:30,"BATLLE, PAU",DREB,U18 Joventut Badalona,21,17,"BALDE, DANIEL","BATLLE, PAU","PALLARES, PAU","PETROVICS, HELMUTS","PLATTEEUW, IAN","ASHKENAZI, KEREM","DODO, NITAY","GOLD, TAMIR","SHALMON, IFTAH","STOLLER, ROM"
2,09:09,"BALDE, DANIEL",3PA,U18 Joventut Badalona,21,17,"BALDE, DANIEL","BATLLE, PAU","PALLARES, PAU","PETROVICS, HELMUTS","PLATTEEUW, IAN","ASHKENAZI, KEREM","DODO, NITAY","GOLD, TAMIR","SHALMON, IFTAH","STOLLER, ROM"
2,09:07,"ASHKENAZI, KEREM",DREB,U18 Maccabi Tel Aviv,21,17,"BALDE, DANIEL","BATLLE, PAU","PALLARES, PAU","PETROVICS, HELMUTS","PLATTEEUW, IAN","ASHKENAZI, KEREM","DODO, NITAY","GOLD, TAMIR","SHALMON, IFTAH","STOLLER, ROM"
2,09:07,"PALLARES, PAU",PF,U18 Joventut Badalona,21,17,"BALDE, DANIEL","BATLLE, PAU","PALLARES, PAU","PETROVICS, HELMUTS","PLATTEEUW, IAN","ASHKENAZI, KEREM","DODO, NITAY","GOLD, TAMIR","SHALMON, IFTAH","STOLLER, ROM"
2,09:07,"ASHKENAZI, KEREM",PFRec,U18 Maccabi Tel Aviv,21,17,"BALDE, DANIEL","BATLLE, PAU","PALLARES, PAU","PETROVICS, HELMUTS","PLATTEEUW, IAN","ASHKENAZI, KEREM","DODO, NITAY","GOLD, TAMIR","SHALMON, IFTAH","STOLLER, ROM"
2,08:56,"DODO, NITAY",2PA,U18 Maccabi Tel Aviv,21,17,"BATLLE, PAU","MEREBASHVILI, SABA","PALLARES, PAU","PETROVICS, HELMUTS","PLATTEEUW, IAN","ASHKENAZI, KEREM","DODO, NITAY","GOLD, TAMIR","SHALMON, IFTAH","STOLLER, ROM"
2,08:56,"PALLARES, PAU",DREB,U18 Joventut Badalona,21,17,"BATLLE, PAU","MEREBASHVILI, SABA","PALLARES, PAU","PETROVICS, HELMUTS","PLATTEEUW, IAN","ASHKENAZI, KEREM","DODO, NITAY","GOLD, TAMIR","SHALMON, IFTAH","STOLLER, ROM"
2,08:45,"PLATTEEUW, IAN",2PM,U18 Joventut Badalona,23,17,"BATLLE, PAU","MEREBASHVILI, SABA","PALLARES, PAU","PETROVICS, HELMUTS","PLATTEEUW, IAN","ASHKENAZI, KEREM","DODO, NITAY","GOLD, TAMIR","SHALMON, IFTAH","STOLLER, ROM"
2,08:45,"PETROVICS, HELMUTS",AST,U18 Joventut Badalona,23,17,"BATLLE, PAU","MEREBASHVILI, SABA","PALLARES, PAU","PETROVICS, HELMUTS","PLATTEEUW, IAN","ASHKENAZI, KEREM","DODO, NITAY","GOLD, TAMIR","SHALMON, IFTAH","STOLLER, ROM"
2,08:29,"ASHKENAZI, KEREM",2PM,U18 Maccabi Tel Aviv,23,19,"BATLLE, PAU","MEREBASHVILI, SABA","PALLARES, PAU","PETROVICS, HELMUTS","PLATTEEUW, IAN","ASHKENAZI, KEREM","DODO, NITAY","GOLD, TAMIR","SHALMON, IFTAH","STOLLER, ROM"
2,08:29,"DODO, NITAY",AST,U18 Maccabi Tel Aviv,23,19,"BATLLE, PAU","MEREBASHVILI, SABA","PALLARES, PAU","PETROVICS, HELMUTS","PLATTEEUW, IAN","ASHKENAZI, KEREM","DODO, NITAY","GOLD, TAMIR","SHALMON, IFTAH","STOLLER, ROM"
2,08:14,"PLATTEEUW, IAN",2PA,U18 Joventut Badalona,23,19,"BATLLE, PAU","MEREBASHVILI, SABA","PALLARES, PAU","PETROVICS, HELMUTS","PLATTEEUW, IAN","ASHKENAZI, KEREM","DODO, NITAY","GOLD, TAMIR","SHALMON, IFTAH","STOLLER, ROM"
2,08:14,"MEREBASHVILI, SABA",OREB,U18 Joventut Badalona,23,19,"BATLLE, PAU","MEREBASHVILI, SABA","PALLARES, PAU","PETROVICS, HELMUTS","PLATTEEUW, IAN","ASHKENAZI, KEREM","DODO, NITAY","GOLD, TAMIR","SHALMON, IFTAH","STOLLER, ROM"
2,08:01,"PETROVICS, HELMUTS",2PM,U18 Joventut Badalona,25,19,"BATLLE, PAU","MEREBASHVILI, SABA","PALLARES, PAU","PETROVICS, HELMUTS","PLATTEEUW, IAN","ASHKENAZI, KEREM","DODO, NITAY","GOLD, TAMIR","SHALMON, IFTAH","STOLLER, ROM"
2,07:51,"PETROVICS, HELMUTS",PF,U18 Joventut Badalona,25,19,"BATLLE, PAU","MEREBASHVILI, SABA","PALLARES, PAU","PETROVICS, HELMUTS","PLATTEEUW, IAN","ASHKENAZI, KEREM","DODO, NITAY","GOLD, TAMIR","SHALMON, IFTAH","STOLLER, ROM"
2,07:51,"ASHKENAZI, KEREM",PFRec,U18 Maccabi Tel Aviv,25,19,"BATLLE, PAU","MEREBASHVILI, SABA","PALLARES, PAU","PETROVICS, HELMUTS","PLATTEEUW, IAN","ASHKENAZI, KEREM","DODO, NITAY","GOLD, TAMIR","SHALMON, IFTAH","STOLLER, ROM"
2,07:42,"GOLD, TAMIR",2PA,U18 Maccabi Tel Aviv,25,19,"BATLLE, PAU","MEREBASHVILI, SABA","PETROVICS, HELMUTS","PLATTEEUW, IAN","RUIZ, HUMBERTO","ASHKENAZI, KEREM","DODO, NITAY","GOLD, TAMIR","LACHMANOVICH, ARBEL","SHALMON, IFTAH"
2,07:42,"DODO, NITAY",OREB,U18 Maccabi Tel Aviv,25,19,"BATLLE, PAU","MEREBASHVILI, SABA","PETROVICS, HELMUTS","PLATTEEUW, IAN","RUIZ, HUMBERTO","ASHKENAZI, KEREM","DODO, NITAY","GOLD, TAMIR","LACHMANOVICH, ARBEL","SHALMON, IFTAH"
2,07:42,"DODO, NITAY",2PA,U18 Maccabi Tel Aviv,25,19,"BATLLE, PAU","MEREBASHVILI, SABA","PETROVICS, HELMUTS","PLATTEEUW, IAN","RUIZ, HUMBERTO","ASHKENAZI, KEREM","DODO, NITAY","GOLD, TAMIR","LACHMANOVICH, ARBEL","SHALMON, IFTAH"
2,07:39,"PLATTEEUW, IAN",DREB,U18 Joventut Badalona,25,19,"BATLLE, PAU","MEREBASHVILI, SABA","PETROVICS, HELMUTS","PLATTEEUW, IAN","RUIZ, HUMBERTO","ASHKENAZI, KEREM","DODO, NITAY","GOLD, TAMIR","LACHMANOVICH, ARBEL","SHALMON, IFTAH"
2,07:39,"GOLD, TAMIR",PF,U18 Maccabi Tel Aviv,25,19,"BATLLE, PAU","MEREBASHVILI, SABA","PETROVICS, HELMUTS","PLATTEEUW, IAN","RUIZ, HUMBERTO","ASHKENAZI, KEREM","DODO, NITAY","GOLD, TAMIR","LACHMANOVICH, ARBEL","SHALMON, IFTAH"
2,07:39,"PLATTEEUW, IAN",PFRec,U18 Joventut Badalona,25,19,"BATLLE, PAU","MEREBASHVILI, SABA","PETROVICS, HELMUTS","PLATTEEUW, IAN","RUIZ, HUMBERTO","ASHKENAZI, KEREM","DODO, NITAY","GOLD, TAMIR","LACHMANOVICH, ARBEL","SHALMON, IFTAH"
2,07:20,"RUIZ, HUMBERTO",3PM,U18 Joventut Badalona,28,19,"BATLLE, PAU","MEREBASHVILI, SABA","PETROVICS, HELMUTS","PLATTEEUW, IAN","RUIZ, HUMBERTO","ARTMENKO, GABRIEL","ASHKENAZI, KEREM","DODO, NITAY","LACHMANOVICH, ARBEL","SHALMON, IFTAH"
2,07:20,"PETROVICS, HELMUTS",AST,U18 Joventut Badalona,28,19,"BATLLE, PAU","MEREBASHVILI, SABA","PETROVICS, HELMUTS","PLATTEEUW, IAN","RUIZ, HUMBERTO","ARTMENKO, GABRIEL","ASHKENAZI, KEREM","DODO, NITAY","LACHMANOVICH, ARBEL","SHALMON, IFTAH"
2,07:01,"ASHKENAZI, KEREM",3PA,U18 Maccabi Tel Aviv,28,19,"BATLLE, PAU","MEREBASHVILI, SABA","PETROVICS, HELMUTS","PLATTEEUW, IAN","RUIZ, HUMBERTO","ARTMENKO, GABRIEL","ASHKENAZI, KEREM","DODO, NITAY","LACHMANOVICH, ARBEL","SHALMON, IFTAH"
2,07:00,"MEREBASHVILI, SABA",DREB,U18 Joventut Badalona,28,19,"BATLLE, PAU","MEREBASHVILI, SABA","PETROVICS, HELMUTS","PLATTEEUW, IAN","RUIZ, HUMBERTO","ARTMENKO, GABRIEL","ASHKENAZI, KEREM","DODO, NITAY","LACHMANOVICH, ARBEL","SHALMON, IFTAH"
2,06:50,"RUIZ, HUMBERTO",3PA,U18 Joventut Badalona,28,19,"BATLLE, PAU","MEREBASHVILI, SABA","PETROVICS, HELMUTS","PLATTEEUW, IAN","RUIZ, HUMBERTO","ARTMENKO, GABRIEL","ASHKENAZI, KEREM","DODO, NITAY","LACHMANOVICH, ARBEL","SHALMON, IFTAH"
2,06:50,"BATLLE, PAU",OREB,U18 Joventut Badalona,28,19,"BATLLE, PAU","MEREBASHVILI, SABA","PETROVICS, HELMUTS","PLATTEEUW, IAN","RUIZ, HUMBERTO","ARTMENKO, GABRIEL","ASHKENAZI, KEREM","DODO, NITAY","LACHMANOVICH, ARBEL","SHALMON, IFTAH"
2,06:46,"PETROVICS, HELMUTS",3PA,U18 Joventut Badalona,28,19,"BATLLE, PAU","MEREBASHVILI, SABA","PETROVICS, HELMUTS","PLATTEEUW, IAN","RUIZ, HUMBERTO","ARTMENKO, GABRIEL","ASHKENAZI, KEREM","DODO, NITAY","LACHMANOVICH, ARBEL","SHALMON, IFTAH"
2,06:45,"RUIZ, HUMBERTO",OREB,U18 Joventut Badalona,28,19,"BATLLE, PAU","MEREBASHVILI, SABA","PETROVICS, HELMUTS","PLATTEEUW, IAN","RUIZ, HUMBERTO","ARTMENKO, GABRIEL","ASHKENAZI, KEREM","DODO, NITAY","LACHMANOVICH, ARBEL","SHALMON, IFTAH"
2,06:30,"PETROVICS, HELMUTS",2PM,U18 Joventut Badalona,30,19,"BATLLE, PAU","MEREBASHVILI, SABA","PETROVICS, HELMUTS","PLATTEEUW, IAN","RUIZ, HUMBERTO","ARTMENKO, GABRIEL","ASHKENAZI, KEREM","DODO, NITAY","LACHMANOVICH, ARBEL","SHALMON, IFTAH"
2,06:30,"ARTMENKO, GABRIEL",PF,U18 Maccabi Tel Aviv,30,19,"BATLLE, PAU","MEREBASHVILI, SABA","PETROVICS, HELMUTS","PLATTEEUW, IAN","RUIZ, HUMBERTO","ARTMENKO, GABRIEL","ASHKENAZI, KEREM","DODO, NITAY","LACHMANOVICH, ARBEL","SHALMON, IFTAH"
2,06:30,"PETROVICS, HELMUTS",PFRec,U18 Joventut Badalona,30,19,"BATLLE, PAU","MEREBASHVILI, SABA","PETROVICS, HELMUTS","PLATTEEUW, IAN","RUIZ, HUMBERTO","ARTMENKO, GABRIEL","ASHKENAZI, KEREM","DODO, NITAY","LACHMANOVICH, ARBEL","SHALMON, IFTAH"
2,06:30,TEAM,TO,U18 Maccabi Tel Aviv,30,19,"BATLLE, PAU","MEREBASHVILI, SABA","PETROVICS, HELMUTS","PLATTEEUW, IAN","RUIZ, HUMBERTO","ARTMENKO, GABRIEL","ASHKENAZI, KEREM","DODO, NITAY","LACHMANOVICH, ARBEL","SHALMON, IFTAH"
2,06:30,"PETROVICS, HELMUTS",FTM,U18 Joventut Badalona,31,19,"BATLLE, PAU","PETROVICS, HELMUTS","PLATTEEUW, IAN","RUIZ, HUMBERTO","THOMAS, TARIQ","AGAMI, ELI","ARTMENKO, GABRIEL","ASHKENAZI, KEREM","BARAK, ERAN","LACHMANOVICH, ARBEL"
2,06:19,"PETROVICS, HELMUTS",PF,U18 Joventut Badalona,31,19,"BATLLE, PAU","PETROVICS, HELMUTS","PLATTEEUW, IAN","RUIZ, HUMBERTO","THOMAS, TARIQ","AGAMI, ELI","ARTMENKO, GABRIEL","ASHKENAZI, KEREM","BARAK, ERAN","LACHMANOVICH, ARBEL"
2,06:19,"BARAK, ERAN",PFRec,U18 Maccabi Tel Aviv,31,19,"BATLLE, PAU","PETROVICS, HELMUTS","PLATTEEUW, IAN","RUIZ, HUMBERTO","THOMAS, TARIQ","AGAMI, ELI","ARTMENKO, GABRIEL","ASHKENAZI, KEREM","BARAK, ERAN","LACHMANOVICH, ARBEL"
2,06:14,"BARAK, ERAN",3PA,U18 Maccabi Tel Aviv,31,19,"BATLLE, PAU","PETROVICS, HELMUTS","PLATTEEUW, IAN","RUIZ, HUMBERTO","THOMAS, TARIQ","AGAMI, ELI","ARTMENKO, GABRIEL","ASHKENAZI, KEREM","BARAK, ERAN","LACHMANOVICH, ARBEL"
2,06:08,"BARAK, ERAN",OREB,U18 Maccabi Tel Aviv,31,19,"BATLLE, PAU","PETROVICS, HELMUTS","PLATTEEUW, IAN","RUIZ, HUMBERTO","THOMAS, TARIQ","AGAMI, ELI","ARTMENKO, GABRIEL","ASHKENAZI, KEREM","BARAK, ERAN","LACHMANOVICH, ARBEL"
2,06:08,"BARAK, ERAN",TOV,U18 Maccabi Tel Aviv,31,19,"BATLLE, PAU","PETROVICS, HELMUTS","PLATTEEUW, IAN","RUIZ, HUMBERTO","THOMAS, TARIQ","AGAMI, ELI","ARTMENKO, GABRIEL","ASHKENAZI, KEREM","BARAK, ERAN","LACHMANOVICH, ARBEL"
2,06:06,"THOMAS, TARIQ",STL,U18 Joventut Badalona,31,19,"BATLLE, PAU","PETROVICS, HELMUTS","PLATTEEUW, IAN","RUIZ, HUMBERTO","THOMAS, TARIQ","AGAMI, ELI","ARTMENKO, GABRIEL","ASHKENAZI, KEREM","BARAK, ERAN","LACHMANOVICH, ARBEL"
2,05:51,"THOMAS, TARIQ",TOV,U18 Joventut Badalona,31,19,"BATLLE, PAU","PETROVICS, HELMUTS","PLATTEEUW, IAN","RUIZ, HUMBERTO","THOMAS, TARIQ","AGAMI, ELI","ARTMENKO, GABRIEL","ASHKENAZI, KEREM","BARAK, ERAN","LACHMANOVICH, ARBEL"
2,05:36,"LACHMANOVICH, ARBEL",3PM,U18 Maccabi Tel Aviv,31,22,"DEL CASTILLO, ERIC","GIL , MARTI","PLATTEEUW, IAN","RUIZ, HUMBERTO","THOMAS, TARIQ","AGAMI, ELI","ARTMENKO, GABRIEL","ASHKENAZI, KEREM","BARAK, ERAN","LACHMANOVICH, ARBEL"
2,05:36,"BARAK, ERAN",AST,U18 Maccabi Tel Aviv,31,22,"DEL CASTILLO, ERIC","GIL , MARTI","PLATTEEUW, IAN","RUIZ, HUMBERTO","THOMAS, TARIQ","AGAMI, ELI","ARTMENKO, GABRIEL","ASHKENAZI, KEREM","BARAK, ERAN","LACHMANOVICH, ARBEL"
2,05:18,"PLATTEEUW, IAN",TOV,U18 Joventut Badalona,31,22,"DEL CASTILLO, ERIC","GIL , MARTI","PLATTEEUW, IAN","RUIZ, HUMBERTO","THOMAS, TARIQ","AGAMI, ELI","ARTMENKO, GABRIEL","ASHKENAZI, KEREM","BARAK, ERAN","LACHMANOVICH, ARBEL"
2,04:56,"ARTMENKO, GABRIEL",2PM,U18 Maccabi Tel Aviv,31,24,"BALDE, DANIEL","DEL CASTILLO, ERIC","GIL , MARTI","PLATTEEUW, IAN","RUIZ, HUMBERTO","AGAMI, ELI","ARTMENKO, GABRIEL","ASHKENAZI, KEREM","BARAK, ERAN","LACHMANOVICH, ARBEL"
2,04:56,"BARAK, ERAN",AST,U18 Maccabi Tel Aviv,31,24,"BALDE, DANIEL","DEL CASTILLO, ERIC","GIL , MARTI","PLATTEEUW, IAN","RUIZ, HUMBERTO","AGAMI, ELI","ARTMENKO, GABRIEL","ASHKENAZI, KEREM","BARAK, ERAN","LACHMANOVICH, ARBEL"
2,04:39,"PLATTEEUW, IAN",TOV,U18 Joventut Badalona,31,24,"BALDE, DANIEL","DEL CASTILLO, ERIC","GIL , MARTI","PLATTEEUW, IAN","RUIZ, HUMBERTO","AGAMI, ELI","ARTMENKO, GABRIEL","ASHKENAZI, KEREM","BARAK, ERAN","LACHMANOVICH, ARBEL"
2,04:29,"DEL CASTILLO, ERIC",PF,U18 Joventut Badalona,31,24,"BALDE, DANIEL","DEL CASTILLO, ERIC","GIL , MARTI","PLATTEEUW, IAN","RUIZ, HUMBERTO","AGAMI, ELI","ARTMENKO, GABRIEL","ASHKENAZI, KEREM","BARAK, ERAN","LACHMANOVICH, ARBEL"
2,04:29,"ASHKENAZI, KEREM",PFRec,U18 Maccabi Tel Aviv,31,24,"BALDE, DANIEL","DEL CASTILLO, ERIC","GIL , MARTI","PLATTEEUW, IAN","RUIZ, HUMBERTO","AGAMI, ELI","ARTMENKO, GABRIEL","ASHKENAZI, KEREM","BARAK, ERAN","LACHMANOVICH, ARBEL"
2,04:21,"LACHMANOVICH, ARBEL",3PM,U18 Maccabi Tel Aviv,31,27,"BALDE, DANIEL","DEL CASTILLO, ERIC","GIL , MARTI","PLATTEEUW, IAN","RUIZ, HUMBERTO","AGAMI, ELI","ARTMENKO, GABRIEL","ASHKENAZI, KEREM","BARAK, ERAN","LACHMANOVICH, ARBEL"
2,04:21,"ASHKENAZI, KEREM",AST,U18 Maccabi Tel Aviv,31,27,"BALDE, DANIEL","DEL CASTILLO, ERIC","GIL , MARTI","PLATTEEUW, IAN","RUIZ, HUMBERTO","AGAMI, ELI","ARTMENKO, GABRIEL","ASHKENAZI, KEREM","BARAK, ERAN","LACHMANOVICH, ARBEL"
2,04:19,TEAM,TO,U18 Joventut Badalona,31,27,"BALDE, DANIEL","DEL CASTILLO, ERIC","GIL , MARTI","PLATTEEUW, IAN","RUIZ, HUMBERTO","AGAMI, ELI","ARTMENKO, GABRIEL","ASHKENAZI, KEREM","BARAK, ERAN","LACHMANOVICH, ARBEL"
2,03:59,"PLATTEEUW, IAN",2PA,U18 Joventut Badalona,31,27,"BALDE, DANIEL","DEL CASTILLO, ERIC","GIL , MARTI","PLATTEEUW, IAN","RUIZ, HUMBERTO","AGAMI, ELI","ARTMENKO, GABRIEL","ASHKENAZI, KEREM","BARAK, ERAN","LACHMANOVICH, ARBEL"
2,03:59,"LACHMANOVICH, ARBEL",DREB,U18 Maccabi Tel Aviv,31,27,"BALDE, DANIEL","DEL CASTILLO, ERIC","GIL , MARTI","PLATTEEUW, IAN","RUIZ, HUMBERTO","AGAMI, ELI","ARTMENKO, GABRIEL","ASHKENAZI, KEREM","BARAK, ERAN","LACHMANOVICH, ARBEL"
2,03:45,"AGAMI, ELI",2PM,U18 Maccabi Tel Aviv,31,29,"BALDE, DANIEL","DEL CASTILLO, ERIC","GIL , MARTI","PLATTEEUW, IAN","RUIZ, HUMBERTO","AGAMI, ELI","ARTMENKO, GABRIEL","ASHKENAZI, KEREM","BARAK, ERAN","LACHMANOVICH, ARBEL"
2,03:45,"ASHKENAZI, KEREM",AST,U18 Maccabi Tel Aviv,31,29,"BALDE, DANIEL","DEL CASTILLO, ERIC","GIL , MARTI","PLATTEEUW, IAN","RUIZ, HUMBERTO","AGAMI, ELI","ARTMENKO, GABRIEL","ASHKENAZI, KEREM","BARAK, ERAN","LACHMANOVICH, ARBEL"
2,03:33,"RUIZ, HUMBERTO",3PM,U18 Joventut Badalona,34,29,"BALDE, DANIEL","DEL CASTILLO, ERIC","GIL , MARTI","PLATTEEUW, IAN","RUIZ, HUMBERTO","AGAMI, ELI","ARTMENKO, GABRIEL","ASHKENAZI, KEREM","BARAK, ERAN","LACHMANOVICH, ARBEL"
2,03:33,"BALDE, DANIEL",AST,U18 Joventut Badalona,34,29,"BALDE, DANIEL","DEL CASTILLO, ERIC","GIL , MARTI","PLATTEEUW, IAN","RUIZ, HUMBERTO","AGAMI, ELI","ARTMENKO, GABRIEL","ASHKENAZI, KEREM","BARAK, ERAN","LACHMANOVICH, ARBEL"
2,03:10,"BARAK, ERAN",3PM,U18 Maccabi Tel Aviv,34,32,"BALDE, DANIEL","DEL CASTILLO, ERIC","GIL , MARTI","PLATTEEUW, IAN","RUIZ, HUMBERTO","AGAMI, ELI","ARTMENKO, GABRIEL","ASHKENAZI, KEREM","BARAK, ERAN","LACHMANOVICH, ARBEL"
2,03:10,"ARTMENKO, GABRIEL",AST,U18 Maccabi Tel Aviv,34,32,"BALDE, DANIEL","DEL CASTILLO, ERIC","GIL , MARTI","PLATTEEUW, IAN","RUIZ, HUMBERTO","AGAMI, ELI","ARTMENKO, GABRIEL","ASHKENAZI, KEREM","BARAK, ERAN","LACHMANOVICH, ARBEL"
2,02:58,"BALDE, DANIEL",2PA,U18 Joventut Badalona,34,32,"BALDE, DANIEL","DEL CASTILLO, ERIC","GIL , MARTI","PLATTEEUW, IAN","RUIZ, HUMBERTO","AGAMI, ELI","ARTMENKO, GABRIEL","ASHKENAZI, KEREM","BARAK, ERAN","LACHMANOVICH, ARBEL"
2,02:58,"BARAK, ERAN",DREB,U18 Maccabi Tel Aviv,34,32,"BALDE, DANIEL","DEL CASTILLO, ERIC","GIL , MARTI","PLATTEEUW, IAN","RUIZ, HUMBERTO","AGAMI, ELI","ARTMENKO, GABRIEL","ASHKENAZI, KEREM","BARAK, ERAN","LACHMANOVICH, ARBEL"
2,02:33,"LACHMANOVICH, ARBEL",TOV,U18 Maccabi Tel Aviv,34,32,"BALDE, DANIEL","DEL CASTILLO, ERIC","GIL , MARTI","PLATTEEUW, IAN","RUIZ, HUMBERTO","AGAMI, ELI","ARTMENKO, GABRIEL","ASHKENAZI, KEREM","BARAK, ERAN","LACHMANOVICH, ARBEL"
2,02:33,"GIL , MARTI",STL,U18 Joventut Badalona,34,32,"BALDE, DANIEL","DEL CASTILLO, ERIC","GIL , MARTI","PLATTEEUW, IAN","RUIZ, HUMBERTO","AGAMI, ELI","ARTMENKO, GABRIEL","ASHKENAZI, KEREM","BARAK, ERAN","LACHMANOVICH, ARBEL"
2,02:10,"RUIZ, HUMBERTO",2PM,U18 Joventut Badalona,36,32,"BALDE, DANIEL","DEL CASTILLO, ERIC","GIL , MARTI","PLATTEEUW, IAN","RUIZ, HUMBERTO","AGAMI, ELI","ARTMENKO, GABRIEL","ASHKENAZI, KEREM","BARAK, ERAN","LACHMANOVICH, ARBEL"
2,02:10,"GIL , MARTI",AST,U18 Joventut Badalona,36,32,"BALDE, DANIEL","DEL CASTILLO, ERIC","GIL , MARTI","PLATTEEUW, IAN","RUIZ, HUMBERTO","AGAMI, ELI","ARTMENKO, GABRIEL","ASHKENAZI, KEREM","BARAK, ERAN","LACHMANOVICH, ARBEL"
2,01:58,"ASHKENAZI, KEREM",3PA,U18 Maccabi Tel Aviv,36,32,"BALDE, DANIEL","DEL CASTILLO, ERIC","GIL , MARTI","PLATTEEUW, IAN","RUIZ, HUMBERTO","AGAMI, ELI","ARTMENKO, GABRIEL","ASHKENAZI, KEREM","BARAK, ERAN","LACHMANOVICH, ARBEL"
2,01:58,"ARTMENKO, GABRIEL",OREB,U18 Maccabi Tel Aviv,36,32,"BALDE, DANIEL","DEL CASTILLO, ERIC","GIL , MARTI","PLATTEEUW, IAN","RUIZ, HUMBERTO","AGAMI, ELI","ARTMENKO, GABRIEL","ASHKENAZI, KEREM","BARAK, ERAN","LACHMANOVICH, ARBEL"
2,01:47,"ARTMENKO, GABRIEL",TOV,U18 Maccabi Tel Aviv,36,32,"BALDE, DANIEL","DEL CASTILLO, ERIC","GIL , MARTI","PLATTEEUW, IAN","RUIZ, HUMBERTO","AGAMI, ELI","ARTMENKO, GABRIEL","ASHKENAZI, KEREM","BARAK, ERAN","LACHMANOVICH, ARBEL"
2,01:47,"RUIZ, HUMBERTO",STL,U18 Joventut Badalona,36,32,"BALDE, DANIEL","DEL CASTILLO, ERIC","GIL , MARTI","PLATTEEUW, IAN","RUIZ, HUMBERTO","AGAMI, ELI","ARTMENKO, GABRIEL","ASHKENAZI, KEREM","BARAK, ERAN","LACHMANOVICH, ARBEL"
2,01:30,"ARTMENKO, GABRIEL",PF,U18 Maccabi Tel Aviv,36,32,"BALDE, DANIEL","DEL CASTILLO, ERIC","GIL , MARTI","PLATTEEUW, IAN","RUIZ, HUMBERTO","AGAMI, ELI","ARTMENKO, GABRIEL","ASHKENAZI, KEREM","BARAK, ERAN","LACHMANOVICH, ARBEL"
2,01:30,"PLATTEEUW, IAN",PFRec,U18 Joventut Badalona,36,32,"BALDE, DANIEL","DEL CASTILLO, ERIC","GIL , MARTI","PLATTEEUW, IAN","RUIZ, HUMBERTO","AGAMI, ELI","ARTMENKO, GABRIEL","ASHKENAZI, KEREM","BARAK, ERAN","LACHMANOVICH, ARBEL"
2,01:27,"DEL CASTILLO, ERIC",2PA,U18 Joventut Badalona,36,32,"DEL CASTILLO, ERIC","MEREBASHVILI, SABA","PETROVICS, HELMUTS","PLATTEEUW, IAN","RUIZ, HUMBERTO","AGAMI, ELI","ASHKENAZI, KEREM","BARAK, ERAN","GOLD, TAMIR","LACHMANOVICH, ARBEL"
2,01:26,"MEREBASHVILI, SABA",OREB,U18 Joventut Badalona,36,32,"DEL CASTILLO, ERIC","MEREBASHVILI, SABA","PETROVICS, HELMUTS","PLATTEEUW, IAN","RUIZ, HUMBERTO","AGAMI, ELI","ASHKENAZI, KEREM","BARAK, ERAN","GOLD, TAMIR","LACHMANOVICH, ARBEL"
2,01:26,"MEREBASHVILI, SABA",2PM,U18 Joventut Badalona,38,32,"DEL CASTILLO, ERIC","MEREBASHVILI, SABA","PETROVICS, HELMUTS","PLATTEEUW, IAN","RUIZ, HUMBERTO","AGAMI, ELI","ASHKENAZI, KEREM","BARAK, ERAN","GOLD, TAMIR","LACHMANOVICH, ARBEL"
2,01:19,"GOLD, TAMIR",2PM,U18 Maccabi Tel Aviv,38,34,"DEL CASTILLO, ERIC","MEREBASHVILI, SABA","PETROVICS, HELMUTS","PLATTEEUW, IAN","RUIZ, HUMBERTO","AGAMI, ELI","ASHKENAZI, KEREM","BARAK, ERAN","GOLD, TAMIR","LACHMANOVICH, ARBEL"
2,00:53,"LACHMANOVICH, ARBEL",PF,U18 Maccabi Tel Aviv,38,34,"DEL CASTILLO, ERIC","MEREBASHVILI, SABA","PETROVICS, HELMUTS","PLATTEEUW, IAN","RUIZ, HUMBERTO","AGAMI, ELI","ASHKENAZI, KEREM","BARAK, ERAN","GOLD, TAMIR","LACHMANOVICH, ARBEL"
2,00:53,"RUIZ, HUMBERTO",PFRec,U18 Joventut Badalona,38,34,"DEL CASTILLO, ERIC","MEREBASHVILI, SABA","PETROVICS, HELMUTS","PLATTEEUW, IAN","RUIZ, HUMBERTO","AGAMI, ELI","ASHKENAZI, KEREM","BARAK, ERAN","GOLD, TAMIR","LACHMANOVICH, ARBEL"
2,00:53,"PETROVICS, HELMUTS",FTM,U18 Joventut Badalona,39,34,"BERMEJO, PAU","DEL CASTILLO, ERIC","MEREBASHVILI, SABA","PETROVICS, HELMUTS","RUIZ, HUMBERTO","AGAMI, ELI","ASHKENAZI, KEREM","BARAK, ERAN","GOLD, TAMIR","LACHMANOVICH, ARBEL"
2,00:53,"RUIZ, HUMBERTO",AST,U18 Joventut Badalona,39,34,"BERMEJO, PAU","DEL CASTILLO, ERIC","MEREBASHVILI, SABA","PETROVICS, HELMUTS","RUIZ, HUMBERTO","AGAMI, ELI","ASHKENAZI, KEREM","BARAK, ERAN","GOLD, TAMIR","LACHMANOVICH, ARBEL"
2,00:53,"PETROVICS, HELMUTS",FTM,U18 Joventut Badalona,40,34,"BERMEJO, PAU","DEL CASTILLO, ERIC","MEREBASHVILI, SABA","PETROVICS, HELMUTS","RUIZ, HUMBERTO","AGAMI, ELI","ASHKENAZI, KEREM","BARAK, ERAN","GOLD, TAMIR","LACHMANOVICH, ARBEL"
2,00:53,"BARAK, ERAN",TOV,U18 Maccabi Tel Aviv,40,34,"BATLLE, PAU","BERMEJO, PAU","GIL , MARTI","MEREBASHVILI, SABA","RUIZ, HUMBERTO","AGAMI, ELI","ASHKENAZI, KEREM","BARAK, ERAN","GOLD, TAMIR","LACHMANOVICH, ARBEL"
2,00:53,"MEREBASHVILI, SABA",STL,U18 Joventut Badalona,40,34,"BATLLE, PAU","BERMEJO, PAU","GIL , MARTI","MEREBASHVILI, SABA","RUIZ, HUMBERTO","AGAMI, ELI","ASHKENAZI, KEREM","BARAK, ERAN","GOLD, TAMIR","LACHMANOVICH, ARBEL"
2,00:46,"ASHKENAZI, KEREM",PF,U18 Maccabi Tel Aviv,40,34,"BATLLE, PAU","BERMEJO, PAU","GIL , MARTI","MEREBASHVILI, SABA","RUIZ, HUMBERTO","AGAMI, ELI","ASHKENAZI, KEREM","BARAK, ERAN","GOLD, TAMIR","LACHMANOVICH, ARBEL"
2,00:46,"BATLLE, PAU",PFRecShot,U18 Joventut Badalona,40,34,"BATLLE, PAU","BERMEJO, PAU","GIL , MARTI","MEREBASHVILI, SABA","RUIZ, HUMBERTO","AGAMI, ELI","ASHKENAZI, KEREM","BARAK, ERAN","GOLD, TAMIR","LACHMANOVICH, ARBEL"
2,00:46,"BATLLE, PAU",FTA,U18 Joventut Badalona,40,34,"BATLLE, PAU","BERMEJO, PAU","GIL , MARTI","MEREBASHVILI, SABA","RUIZ, HUMBERTO","AGAMI, ELI","ASHKENAZI, KEREM","BARAK, ERAN","GOLD, TAMIR","LACHMANOVICH, ARBEL"
2,00:46,"BATLLE, PAU",FTM,U18 Joventut Badalona,41,34,"BATLLE, PAU","BERMEJO, PAU","GIL , MARTI","MEREBASHVILI, SABA","RUIZ, HUMBERTO","AGAMI, ELI","ASHKENAZI, KEREM","BARAK, ERAN","GOLD, TAMIR","LACHMANOVICH, ARBEL"
2,00:46,TEAM,TO,U18 Maccabi Tel Aviv,41,34,"BATLLE, PAU","BERMEJO, PAU","GIL , MARTI","MEREBASHVILI, SABA","RUIZ, HUMBERTO","AGAMI, ELI","ASHKENAZI, KEREM","BARAK, ERAN","GOLD, TAMIR","LACHMANOVICH, ARBEL"
2,00:26,"BERMEJO, PAU",PF,U18 Joventut Badalona,41,34,"BATLLE, PAU","BERMEJO, PAU","GIL , MARTI","MEREBASHVILI, SABA","RUIZ, HUMBERTO","ASHKENAZI, KEREM","BARAK, ERAN","BERG, ROEE","DODO, NITAY","STOLLER, ROM"
2,00:26,"STOLLER, ROM",PFRec,U18 Maccabi Tel Aviv,41,34,"BATLLE, PAU","BERMEJO, PAU","GIL , MARTI","MEREBASHVILI, SABA","RUIZ, HUMBERTO","ASHKENAZI, KEREM","BARAK, ERAN","BERG, ROEE","DODO, NITAY","STOLLER, ROM"
2,00:26,"STOLLER, ROM",FTM,U18 Maccabi Tel Aviv,41,35,"BATLLE, PAU","BERMEJO, PAU","GIL , MARTI","MEREBASHVILI, SABA","RUIZ, HUMBERTO","ASHKENAZI, KEREM","BERG, ROEE","DODO, NITAY","SHALMON, IFTAH","STOLLER, ROM"
2,00:26,"BERG, ROEE",AST,U18 Maccabi Tel Aviv,41,35,"BATLLE, PAU","BERMEJO, PAU","GIL , MARTI","MEREBASHVILI, SABA","RUIZ, HUMBERTO","ASHKENAZI, KEREM","BERG, ROEE","DODO, NITAY","SHALMON, IFTAH","STOLLER, ROM"
2,00:26,"STOLLER, ROM",FTM,U18 Maccabi Tel Aviv,41,36,"BATLLE, PAU","BERMEJO, PAU","GIL , MARTI","MEREBASHVILI, SABA","RUIZ, HUMBERTO","ASHKENAZI, KEREM","BERG, ROEE","DODO, NITAY","SHALMON, IFTAH","STOLLER, ROM"
2,00:26,TEAM,TO,U18 Joventut Badalona,41,36,"BATLLE, PAU","BERMEJO, PAU","GIL , MARTI","MEREBASHVILI, SABA","RUIZ, HUMBERTO","ASHKENAZI, KEREM","BERG, ROEE","DODO, NITAY","SHALMON, IFTAH","STOLLER, ROM"
2,00:09,"MEREBASHVILI, SABA",2PM,U18 Joventut Badalona,43,36,"DEL CASTILLO, ERIC","GIL , MARTI","MEREBASHVILI, SABA","PLATTEEUW, IAN","RUIZ, HUMBERTO","ASHKENAZI, KEREM","BERG, ROEE","DODO, NITAY","SHALMON, IFTAH","STOLLER, ROM"
2,00:09,"GIL , MARTI",AST,U18 Joventut Badalona,43,36,"DEL CASTILLO, ERIC","GIL , MARTI","MEREBASHVILI, SABA","PLATTEEUW, IAN","RUIZ, HUMBERTO","ASHKENAZI, KEREM","BERG, ROEE","DODO, NITAY","SHALMON, IFTAH","STOLLER, ROM"
2,00:01,"SHALMON, IFTAH",2PA,U18 Maccabi Tel Aviv,43,36,"DEL CASTILLO, ERIC","GIL , MARTI","MEREBASHVILI, SABA","PLATTEEUW, IAN","RUIZ, HUMBERTO","ASHKENAZI, KEREM","BERG, ROEE","DODO, NITAY","SHALMON, IFTAH","STOLLER, ROM"
3,09:49,"GOLD, TAMIR",2PM,U18 Maccabi Tel Aviv,43,38,"BATLLE, PAU","MEREBASHVILI, SABA","PETROVICS, HELMUTS","PLATTEEUW, IAN","RUIZ, HUMBERTO","AGAMI, ELI","ARTMENKO, GABRIEL","BARAK, ERAN","GOLD, TAMIR","LACHMANOVICH, ARBEL"
3,09:47,"BARAK, ERAN",AST,U18 Maccabi Tel Aviv,43,38,"BATLLE, PAU","MEREBASHVILI, SABA","PETROVICS, HELMUTS","PLATTEEUW, IAN","RUIZ, HUMBERTO","AGAMI, ELI","ARTMENKO, GABRIEL","BARAK, ERAN","GOLD, TAMIR","LACHMANOVICH, ARBEL"
3,09:31,"ARTMENKO, GABRIEL",PF,U18 Maccabi Tel Aviv,43,38,"BATLLE, PAU","MEREBASHVILI, SABA","PETROVICS, HELMUTS","PLATTEEUW, IAN","RUIZ, HUMBERTO","AGAMI, ELI","ARTMENKO, GABRIEL","BARAK, ERAN","GOLD, TAMIR","LACHMANOVICH, ARBEL"
3,09:31,"MEREBASHVILI, SABA",PFRecShot,U18 Joventut Badalona,43,38,"BATLLE, PAU","MEREBASHVILI, SABA","PETROVICS, HELMUTS","PLATTEEUW, IAN","RUIZ, HUMBERTO","AGAMI, ELI","ARTMENKO, GABRIEL","BARAK, ERAN","GOLD, TAMIR","LACHMANOVICH, ARBEL"
3,09:31,"MEREBASHVILI, SABA",FTM,U18 Joventut Badalona,44,38,"BATLLE, PAU","MEREBASHVILI, SABA","PETROVICS, HELMUTS","PLATTEEUW, IAN","RUIZ, HUMBERTO","AGAMI, ELI","ARTMENKO, GABRIEL","BARAK, ERAN","GOLD, TAMIR","LACHMANOVICH, ARBEL"
3,09:31,"PLATTEEUW, IAN",AST,U18 Joventut Badalona,44,38,"BATLLE, PAU","MEREBASHVILI, SABA","PETROVICS, HELMUTS","PLATTEEUW, IAN","RUIZ, HUMBERTO","AGAMI, ELI","ARTMENKO, GABRIEL","BARAK, ERAN","GOLD, TAMIR","LACHMANOVICH, ARBEL"
3,09:31,"MEREBASHVILI, SABA",FTM,U18 Joventut Badalona,45,38,"BATLLE, PAU","MEREBASHVILI, SABA","PETROVICS, HELMUTS","PLATTEEUW, IAN","RUIZ, HUMBERTO","AGAMI, ELI","ARTMENKO, GABRIEL","BARAK, ERAN","GOLD, TAMIR","LACHMANOVICH, ARBEL"
3,09:10,"AGAMI, ELI",3PM,U18 Maccabi Tel Aviv,45,41,"BATLLE, PAU","MEREBASHVILI, SABA","PETROVICS, HELMUTS","PLATTEEUW, IAN","RUIZ, HUMBERTO","AGAMI, ELI","ARTMENKO, GABRIEL","BARAK, ERAN","GOLD, TAMIR","LACHMANOVICH, ARBEL"
3,09:07,"ARTMENKO, GABRIEL",AST,U18 Maccabi Tel Aviv,45,41,"BATLLE, PAU","MEREBASHVILI, SABA","PETROVICS, HELMUTS","PLATTEEUW, IAN","RUIZ, HUMBERTO","AGAMI, ELI","ARTMENKO, GABRIEL","BARAK, ERAN","GOLD, TAMIR","LACHMANOVICH, ARBEL"
3,08:49,"GOLD, TAMIR",PF,U18 Maccabi Tel Aviv,45,41,"BATLLE, PAU","MEREBASHVILI, SABA","PETROVICS, HELMUTS","PLATTEEUW, IAN","RUIZ, HUMBERTO","AGAMI, ELI","ARTMENKO, GABRIEL","BARAK, ERAN","GOLD, TAMIR","LACHMANOVICH, ARBEL"
3,08:49,"PLATTEEUW, IAN",PFRec,U18 Joventut Badalona,45,41,"BATLLE, PAU","MEREBASHVILI, SABA","PETROVICS, HELMUTS","PLATTEEUW, IAN","RUIZ, HUMBERTO","AGAMI, ELI","ARTMENKO, GABRIEL","BARAK, ERAN","GOLD, TAMIR","LACHMANOVICH, ARBEL"
3,08:31,"MEREBASHVILI, SABA",3PM,U18 Joventut Badalona,48,41,"BATLLE, PAU","MEREBASHVILI, SABA","PETROVICS, HELMUTS","PLATTEEUW, IAN","RUIZ, HUMBERTO","AGAMI, ELI","ARTMENKO, GABRIEL","BARAK, ERAN","GOLD, TAMIR","LACHMANOVICH, ARBEL"
3,08:29,"RUIZ, HUMBERTO",AST,U18 Joventut Badalona,48,41,"BATLLE, PAU","MEREBASHVILI, SABA","PETROVICS, HELMUTS","PLATTEEUW, IAN","RUIZ, HUMBERTO","AGAMI, ELI","ARTMENKO, GABRIEL","BARAK, ERAN","GOLD, TAMIR","LACHMANOVICH, ARBEL"
3,08:23,"PETROVICS, HELMUTS",PF,U18 Joventut Badalona,48,41,"BATLLE, PAU","MEREBASHVILI, SABA","PETROVICS, HELMUTS","PLATTEEUW, IAN","RUIZ, HUMBERTO","AGAMI, ELI","ARTMENKO, GABRIEL","BARAK, ERAN","GOLD, TAMIR","LACHMANOVICH, ARBEL"
3,08:23,"BARAK, ERAN",PFRec,U18 Maccabi Tel Aviv,48,41,"BATLLE, PAU","MEREBASHVILI, SABA","PETROVICS, HELMUTS","PLATTEEUW, IAN","RUIZ, HUMBERTO","AGAMI, ELI","ARTMENKO, GABRIEL","BARAK, ERAN","GOLD, TAMIR","LACHMANOVICH, ARBEL"
3,08:14,"BARAK, ERAN",3PA,U18 Maccabi Tel Aviv,48,41,"BATLLE, PAU","MEREBASHVILI, SABA","PETROVICS, HELMUTS","PLATTEEUW, IAN","RUIZ, HUMBERTO","AGAMI, ELI","ARTMENKO, GABRIEL","BARAK, ERAN","GOLD, TAMIR","LACHMANOVICH, ARBEL"
3,08:11,"PETROVICS, HELMUTS",DREB,U18 Joventut Badalona,48,41,"BATLLE, PAU","MEREBASHVILI, SABA","PETROVICS, HELMUTS","PLATTEEUW, IAN","RUIZ, HUMBERTO","AGAMI, ELI","ARTMENKO, GABRIEL","BARAK, ERAN","GOLD, TAMIR","LACHMANOVICH, ARBEL"
3,07:57,"BATLLE, PAU",2PA,U18 Joventut Badalona,48,41,"BATLLE, PAU","MEREBASHVILI, SABA","PETROVICS, HELMUTS","PLATTEEUW, IAN","RUIZ, HUMBERTO","AGAMI, ELI","ARTMENKO, GABRIEL","BARAK, ERAN","GOLD, TAMIR","LACHMANOVICH, ARBEL"
3,07:53,"MEREBASHVILI, SABA",OREB,U18 Joventut Badalona,48,41,"BATLLE, PAU","MEREBASHVILI, SABA","PETROVICS, HELMUTS","PLATTEEUW, IAN","RUIZ, HUMBERTO","AGAMI, ELI","ARTMENKO, GABRIEL","BARAK, ERAN","GOLD, TAMIR","LACHMANOVICH, ARBEL"
3,07:48,"PETROVICS, HELMUTS",3PA,U18 Joventut Badalona,48,41,"BATLLE, PAU","MEREBASHVILI, SABA","PETROVICS, HELMUTS","PLATTEEUW, IAN","RUIZ, HUMBERTO","AGAMI, ELI","ARTMENKO, GABRIEL","BARAK, ERAN","GOLD, TAMIR","LACHMANOVICH, ARBEL"
3,07:44,"PLATTEEUW, IAN",OREB,U18 Joventut Badalona,48,41,"BATLLE, PAU","MEREBASHVILI, SABA","PETROVICS, HELMUTS","PLATTEEUW, IAN","RUIZ, HUMBERTO","AGAMI, ELI","ARTMENKO, GABRIEL","BARAK, ERAN","GOLD, TAMIR","LACHMANOVICH, ARBEL"
3,07:44,"PLATTEEUW, IAN",2PM,U18 Joventut Badalona,50,41,"BATLLE, PAU","MEREBASHVILI, SABA","PETROVICS, HELMUTS","PLATTEEUW, IAN","RUIZ, HUMBERTO","AGAMI, ELI","ARTMENKO, GABRIEL","BARAK, ERAN","GOLD, TAMIR","LACHMANOVICH, ARBEL"
3,07:40,"RUIZ, HUMBERTO",PF,U18 Joventut Badalona,50,41,"BATLLE, PAU","MEREBASHVILI, SABA","PETROVICS, HELMUTS","PLATTEEUW, IAN","RUIZ, HUMBERTO","AGAMI, ELI","ARTMENKO, GABRIEL","BARAK, ERAN","GOLD, TAMIR","LACHMANOVICH, ARBEL"
3,07:40,"LACHMANOVICH, ARBEL",PFRec,U18 Maccabi Tel Aviv,50,41,"BATLLE, PAU","MEREBASHVILI, SABA","PETROVICS, HELMUTS","PLATTEEUW, IAN","RUIZ, HUMBERTO","AGAMI, ELI","ARTMENKO, GABRIEL","BARAK, ERAN","GOLD, TAMIR","LACHMANOVICH, ARBEL"
3,07:40,"MEREBASHVILI, SABA",PF,U18 Joventut Badalona,50,41,"BATLLE, PAU","GIL , MARTI","MEREBASHVILI, SABA","PLATTEEUW, IAN","RUIZ, HUMBERTO","AGAMI, ELI","BARAK, ERAN","BERG, ROEE","GOLD, TAMIR","LACHMANOVICH, ARBEL"
3,07:38,"GOLD, TAMIR",PFRec,U18 Maccabi Tel Aviv,50,41,"BATLLE, PAU","GIL , MARTI","MEREBASHVILI, SABA","PLATTEEUW, IAN","RUIZ, HUMBERTO","AGAMI, ELI","BARAK, ERAN","BERG, ROEE","GOLD, TAMIR","LACHMANOVICH, ARBEL"
3,07:31,"GOLD, TAMIR",TOV,U18 Maccabi Tel Aviv,50,41,"BATLLE, PAU","GIL , MARTI","MEREBASHVILI, SABA","PLATTEEUW, IAN","RUIZ, HUMBERTO","AGAMI, ELI","BARAK, ERAN","BERG, ROEE","GOLD, TAMIR","LACHMANOVICH, ARBEL"
3,07:28,"RUIZ, HUMBERTO",STL,U18 Joventut Badalona,50,41,"BATLLE, PAU","GIL , MARTI","MEREBASHVILI, SABA","PLATTEEUW, IAN","RUIZ, HUMBERTO","AGAMI, ELI","BARAK, ERAN","BERG, ROEE","GOLD, TAMIR","LACHMANOVICH, ARBEL"
3,07:23,"RUIZ, HUMBERTO",2PM,U18 Joventut Badalona,52,41,"BATLLE, PAU","GIL , MARTI","MEREBASHVILI, SABA","PLATTEEUW, IAN","RUIZ, HUMBERTO","AGAMI, ELI","BARAK, ERAN","BERG, ROEE","GOLD, TAMIR","LACHMANOVICH, ARBEL"
3,07:16,"GOLD, TAMIR",TOV,U18 Maccabi Tel Aviv,52,41,"BATLLE, PAU","GIL , MARTI","MEREBASHVILI, SABA","PLATTEEUW, IAN","RUIZ, HUMBERTO","AGAMI, ELI","BARAK, ERAN","BERG, ROEE","GOLD, TAMIR","LACHMANOVICH, ARBEL"
3,07:14,"GIL , MARTI",STL,U18 Joventut Badalona,52,41,"BATLLE, PAU","GIL , MARTI","MEREBASHVILI, SABA","PLATTEEUW, IAN","RUIZ, HUMBERTO","AGAMI, ELI","BARAK, ERAN","BERG, ROEE","GOLD, TAMIR","LACHMANOVICH, ARBEL"
3,07:09,"RUIZ, HUMBERTO",3PM,U18 Joventut Badalona,55,41,"BATLLE, PAU","GIL , MARTI","MEREBASHVILI, SABA","PLATTEEUW, IAN","RUIZ, HUMBERTO","AGAMI, ELI","BARAK, ERAN","BERG, ROEE","GOLD, TAMIR","LACHMANOVICH, ARBEL"
3,07:05,"GIL , MARTI",AST,U18 Joventut Badalona,55,41,"BATLLE, PAU","GIL , MARTI","MEREBASHVILI, SABA","PLATTEEUW, IAN","RUIZ, HUMBERTO","AGAMI, ELI","BARAK, ERAN","BERG, ROEE","GOLD, TAMIR","LACHMANOVICH, ARBEL"
3,06:55,"AGAMI, ELI",TOV,U18 Maccabi Tel Aviv,55,41,"BATLLE, PAU","GIL , MARTI","MEREBASHVILI, SABA","PLATTEEUW, IAN","RUIZ, HUMBERTO","AGAMI, ELI","BARAK, ERAN","BERG, ROEE","GOLD, TAMIR","LACHMANOVICH, ARBEL"
3,06:51,"BATLLE, PAU",STL,U18 Joventut Badalona,55,41,"BATLLE, PAU","GIL , MARTI","MEREBASHVILI, SABA","PLATTEEUW, IAN","RUIZ, HUMBERTO","AGAMI, ELI","BARAK, ERAN","BERG, ROEE","GOLD, TAMIR","LACHMANOVICH, ARBEL"
3,06:36,"BERG, ROEE",PF,U18 Maccabi Tel Aviv,55,41,"BATLLE, PAU","GIL , MARTI","MEREBASHVILI, SABA","PLATTEEUW, IAN","RUIZ, HUMBERTO","AGAMI, ELI","BARAK, ERAN","BERG, ROEE","GOLD, TAMIR","LACHMANOVICH, ARBEL"
3,06:36,"PLATTEEUW, IAN",PFRec,U18 Joventut Badalona,55,41,"BATLLE, PAU","GIL , MARTI","MEREBASHVILI, SABA","PLATTEEUW, IAN","RUIZ, HUMBERTO","AGAMI, ELI","BARAK, ERAN","BERG, ROEE","GOLD, TAMIR","LACHMANOVICH, ARBEL"
3,06:30,"DEL CASTILLO, ERIC",TOV,U18 Joventut Badalona,55,41,"BALDE, DANIEL","BATLLE, PAU","DEL CASTILLO, ERIC","GIL , MARTI","PLATTEEUW, IAN","AGAMI, ELI","ASHKENAZI, KEREM","BERG, ROEE","DODO, NITAY","LACHMANOVICH, ARBEL"
3,06:28,"LACHMANOVICH, ARBEL",STL,U18 Maccabi Tel Aviv,55,41,"BALDE, DANIEL","BATLLE, PAU","DEL CASTILLO, ERIC","GIL , MARTI","PLATTEEUW, IAN","AGAMI, ELI","ASHKENAZI, KEREM","BERG, ROEE","DODO, NITAY","LACHMANOVICH, ARBEL"
3,06:27,"ASHKENAZI, KEREM",TOV,U18 Maccabi Tel Aviv,55,41,"BALDE, DANIEL","BATLLE, PAU","DEL CASTILLO, ERIC","GIL , MARTI","PLATTEEUW, IAN","AGAMI, ELI","ASHKENAZI, KEREM","BERG, ROEE","DODO, NITAY","LACHMANOVICH, ARBEL"
3,06:04,"GIL , MARTI",2PA,U18 Joventut Badalona,55,41,"BALDE, DANIEL","BATLLE, PAU","DEL CASTILLO, ERIC","GIL , MARTI","PLATTEEUW, IAN","AGAMI, ELI","ASHKENAZI, KEREM","BERG, ROEE","DODO, NITAY","LACHMANOVICH, ARBEL"
3,06:01,"PLATTEEUW, IAN",OREB,U18 Joventut Badalona,55,41,"BALDE, DANIEL","BATLLE, PAU","DEL CASTILLO, ERIC","GIL , MARTI","PLATTEEUW, IAN","AGAMI, ELI","ASHKENAZI, KEREM","BERG, ROEE","DODO, NITAY","LACHMANOVICH, ARBEL"
3,06:01,"PLATTEEUW, IAN",2PA,U18 Joventut Badalona,55,41,"BALDE, DANIEL","BATLLE, PAU","DEL CASTILLO, ERIC","GIL , MARTI","PLATTEEUW, IAN","AGAMI, ELI","ASHKENAZI, KEREM","BERG, ROEE","DODO, NITAY","LACHMANOVICH, ARBEL"
3,05:57,"AGAMI, ELI",DREB,U18 Maccabi Tel Aviv,55,41,"BALDE, DANIEL","BATLLE, PAU","DEL CASTILLO, ERIC","GIL , MARTI","PLATTEEUW, IAN","AGAMI, ELI","ASHKENAZI, KEREM","BERG, ROEE","DODO, NITAY","LACHMANOVICH, ARBEL"
3,05:55,"DEL CASTILLO, ERIC",PF,U18 Joventut Badalona,55,41,"BALDE, DANIEL","BATLLE, PAU","DEL CASTILLO, ERIC","GIL , MARTI","PLATTEEUW, IAN","AGAMI, ELI","ASHKENAZI, KEREM","BERG, ROEE","DODO, NITAY","LACHMANOVICH, ARBEL"
3,05:55,"LACHMANOVICH, ARBEL",PFRec,U18 Maccabi Tel Aviv,55,41,"BALDE, DANIEL","BATLLE, PAU","DEL CASTILLO, ERIC","GIL , MARTI","PLATTEEUW, IAN","AGAMI, ELI","ASHKENAZI, KEREM","BERG, ROEE","DODO, NITAY","LACHMANOVICH, ARBEL"
3,05:55,"LACHMANOVICH, ARBEL",FTM,U18 Maccabi Tel Aviv,55,42,"BALDE, DANIEL","BATLLE, PAU","DEL CASTILLO, ERIC","GIL , MARTI","PLATTEEUW, IAN","ASHKENAZI, KEREM","BERG, ROEE","DODO, NITAY","LACHMANOVICH, ARBEL","SHALMON, IFTAH"
3,05:55,"LACHMANOVICH, ARBEL",FTM,U18 Maccabi Tel Aviv,55,43,"BALDE, DANIEL","BATLLE, PAU","DEL CASTILLO, ERIC","GIL , MARTI","PLATTEEUW, IAN","ASHKENAZI, KEREM","BERG, ROEE","DODO, NITAY","LACHMANOVICH, ARBEL","SHALMON, IFTAH"
3,05:29,"DEL CASTILLO, ERIC",2PM,U18 Joventut Badalona,57,43,"BALDE, DANIEL","BATLLE, PAU","DEL CASTILLO, ERIC","GIL , MARTI","PLATTEEUW, IAN","ASHKENAZI, KEREM","BERG, ROEE","DODO, NITAY","LACHMANOVICH, ARBEL","SHALMON, IFTAH"
3,05:09,"BERG, ROEE",2PA,U18 Maccabi Tel Aviv,57,43,"BALDE, DANIEL","BATLLE, PAU","DEL CASTILLO, ERIC","GIL , MARTI","PLATTEEUW, IAN","ASHKENAZI, KEREM","BERG, ROEE","DODO, NITAY","LACHMANOVICH, ARBEL","SHALMON, IFTAH"
3,05:04,"DEL CASTILLO, ERIC",DREB,U18 Joventut Badalona,57,43,"BALDE, DANIEL","BATLLE, PAU","DEL CASTILLO, ERIC","GIL , MARTI","PLATTEEUW, IAN","ASHKENAZI, KEREM","BERG, ROEE","DODO, NITAY","LACHMANOVICH, ARBEL","SHALMON, IFTAH"
3,05:00,"LACHMANOVICH, ARBEL",PF,U18 Maccabi Tel Aviv,57,43,"BALDE, DANIEL","BATLLE, PAU","DEL CASTILLO, ERIC","GIL , MARTI","PLATTEEUW, IAN","ASHKENAZI, KEREM","BERG, ROEE","DODO, NITAY","LACHMANOVICH, ARBEL","SHALMON, IFTAH"
3,05:00,"PLATTEEUW, IAN",PFRec,U18 Joventut Badalona,57,43,"BALDE, DANIEL","BATLLE, PAU","DEL CASTILLO, ERIC","GIL , MARTI","PLATTEEUW, IAN","ASHKENAZI, KEREM","BERG, ROEE","DODO, NITAY","LACHMANOVICH, ARBEL","SHALMON, IFTAH"
3,04:45,"BATLLE, PAU",3PA,U18 Joventut Badalona,57,43,"BALDE, DANIEL","BATLLE, PAU","DEL CASTILLO, ERIC","GIL , MARTI","MEREBASHVILI, SABA","ASHKENAZI, KEREM","BERG, ROEE","DODO, NITAY","SHALMON, IFTAH","STOLLER, ROM"
3,04:42,"BERG, ROEE",DREB,U18 Maccabi Tel Aviv,57,43,"BALDE, DANIEL","BATLLE, PAU","DEL CASTILLO, ERIC","GIL , MARTI","MEREBASHVILI, SABA","ASHKENAZI, KEREM","BERG, ROEE","DODO, NITAY","SHALMON, IFTAH","STOLLER, ROM"
3,04:36,"SHALMON, IFTAH",2PM,U18 Maccabi Tel Aviv,57,45,"BALDE, DANIEL","BATLLE, PAU","DEL CASTILLO, ERIC","GIL , MARTI","MEREBASHVILI, SABA","ASHKENAZI, KEREM","BERG, ROEE","DODO, NITAY","SHALMON, IFTAH","STOLLER, ROM"
3,04:25,"GIL , MARTI",TOV,U18 Joventut Badalona,57,45,"BALDE, DANIEL","BATLLE, PAU","DEL CASTILLO, ERIC","GIL , MARTI","MEREBASHVILI, SABA","ASHKENAZI, KEREM","BERG, ROEE","DODO, NITAY","SHALMON, IFTAH","STOLLER, ROM"
3,04:16,"BERG, ROEE",2PA,U18 Maccabi Tel Aviv,57,45,"BALDE, DANIEL","DEL CASTILLO, ERIC","GIL , MARTI","MEREBASHVILI, SABA","RUIZ, HUMBERTO","ASHKENAZI, KEREM","BERG, ROEE","DODO, NITAY","SHALMON, IFTAH","STOLLER, ROM"
3,04:12,"BERG, ROEE",OREB,U18 Maccabi Tel Aviv,57,45,"BALDE, DANIEL","DEL CASTILLO, ERIC","GIL , MARTI","MEREBASHVILI, SABA","RUIZ, HUMBERTO","ASHKENAZI, KEREM","BERG, ROEE","DODO, NITAY","SHALMON, IFTAH","STOLLER, ROM"
3,04:12,"BERG, ROEE",2PM,U18 Maccabi Tel Aviv,57,47,"BALDE, DANIEL","DEL CASTILLO, ERIC","GIL , MARTI","MEREBASHVILI, SABA","RUIZ, HUMBERTO","ASHKENAZI, KEREM","BERG, ROEE","DODO, NITAY","SHALMON, IFTAH","STOLLER, ROM"
3,03:55,"ASHKENAZI, KEREM",PF,U18 Maccabi Tel Aviv,57,47,"BALDE, DANIEL","DEL CASTILLO, ERIC","GIL , MARTI","MEREBASHVILI, SABA","RUIZ, HUMBERTO","ASHKENAZI, KEREM","BERG, ROEE","DODO, NITAY","SHALMON, IFTAH","STOLLER, ROM"
3,03:55,"GIL , MARTI",PFRecShot,U18 Joventut Badalona,57,47,"BALDE, DANIEL","DEL CASTILLO, ERIC","GIL , MARTI","MEREBASHVILI, SABA","RUIZ, HUMBERTO","ASHKENAZI, KEREM","BERG, ROEE","DODO, NITAY","SHALMON, IFTAH","STOLLER, ROM"
3,03:55,"GIL , MARTI",FTM,U18 Joventut Badalona,58,47,"BALDE, DANIEL","DEL CASTILLO, ERIC","GIL , MARTI","MEREBASHVILI, SABA","RUIZ, HUMBERTO","ASHKENAZI, KEREM","BERG, ROEE","DODO, NITAY","SHALMON, IFTAH","STOLLER, ROM"
3,03:55,"BALDE, DANIEL",AST,U18 Joventut Badalona,58,47,"BALDE, DANIEL","DEL CASTILLO, ERIC","GIL , MARTI","MEREBASHVILI, SABA","RUIZ, HUMBERTO","ASHKENAZI, KEREM","BERG, ROEE","DODO, NITAY","SHALMON, IFTAH","STOLLER, ROM"
3,03:55,"GIL , MARTI",FTM,U18 Joventut Badalona,59,47,"BALDE, DANIEL","DEL CASTILLO, ERIC","GIL , MARTI","MEREBASHVILI, SABA","RUIZ, HUMBERTO","ASHKENAZI, KEREM","BERG, ROEE","DODO, NITAY","SHALMON, IFTAH","STOLLER, ROM"
3,03:42,"ASHKENAZI, KEREM",TOV,U18 Maccabi Tel Aviv,59,47,"BALDE, DANIEL","DEL CASTILLO, ERIC","GIL , MARTI","MEREBASHVILI, SABA","RUIZ, HUMBERTO","ASHKENAZI, KEREM","BERG, ROEE","DODO, NITAY","SHALMON, IFTAH","STOLLER, ROM"
3,03:24,"BALDE, DANIEL",TOV,U18 Joventut Badalona,59,47,"BALDE, DANIEL","DEL CASTILLO, ERIC","GIL , MARTI","MEREBASHVILI, SABA","RUIZ, HUMBERTO","ASHKENAZI, KEREM","BERG, ROEE","DODO, NITAY","SHALMON, IFTAH","STOLLER, ROM"
3,03:17,"BERG, ROEE",PF,U18 Maccabi Tel Aviv,59,47,"BALDE, DANIEL","DEL CASTILLO, ERIC","GIL , MARTI","MEREBASHVILI, SABA","RUIZ, HUMBERTO","ASHKENAZI, KEREM","BERG, ROEE","DODO, NITAY","SHALMON, IFTAH","STOLLER, ROM"
3,03:17,"BERG, ROEE",TOV,U18 Maccabi Tel Aviv,59,47,"BALDE, DANIEL","DEL CASTILLO, ERIC","GIL , MARTI","MEREBASHVILI, SABA","RUIZ, HUMBERTO","ASHKENAZI, KEREM","BERG, ROEE","DODO, NITAY","SHALMON, IFTAH","STOLLER, ROM"
3,03:17,"RUIZ, HUMBERTO",PFRec,U18 Joventut Badalona,59,47,"BALDE, DANIEL","DEL CASTILLO, ERIC","GIL , MARTI","MEREBASHVILI, SABA","RUIZ, HUMBERTO","ASHKENAZI, KEREM","BERG, ROEE","DODO, NITAY","SHALMON, IFTAH","STOLLER, ROM"
3,02:55,"RUIZ, HUMBERTO",3PA,U18 Joventut Badalona,59,47,"BALDE, DANIEL","DEL CASTILLO, ERIC","GIL , MARTI","MEREBASHVILI, SABA","RUIZ, HUMBERTO","ASHKENAZI, KEREM","BERG, ROEE","DODO, NITAY","SHALMON, IFTAH","STOLLER, ROM"
3,02:52,"SHALMON, IFTAH",DREB,U18 Maccabi Tel Aviv,59,47,"BALDE, DANIEL","DEL CASTILLO, ERIC","GIL , MARTI","MEREBASHVILI, SABA","RUIZ, HUMBERTO","ASHKENAZI, KEREM","BERG, ROEE","DODO, NITAY","SHALMON, IFTAH","STOLLER, ROM"
3,02:30,"DODO, NITAY",3PA,U18 Maccabi Tel Aviv,59,47,"BALDE, DANIEL","DEL CASTILLO, ERIC","GIL , MARTI","PLATTEEUW, IAN","RUIZ, HUMBERTO","ASHKENAZI, KEREM","BERG, ROEE","DODO, NITAY","SHALMON, IFTAH","STOLLER, ROM"
3,02:25,"BALDE, DANIEL",DREB,U18 Joventut Badalona,59,47,"BALDE, DANIEL","DEL CASTILLO, ERIC","GIL , MARTI","PLATTEEUW, IAN","RUIZ, HUMBERTO","ASHKENAZI, KEREM","BERG, ROEE","DODO, NITAY","SHALMON, IFTAH","STOLLER, ROM"
3,02:10,"RUIZ, HUMBERTO",2PA,U18 Joventut Badalona,59,47,"BALDE, DANIEL","DEL CASTILLO, ERIC","GIL , MARTI","PLATTEEUW, IAN","RUIZ, HUMBERTO","ASHKENAZI, KEREM","BERG, ROEE","DODO, NITAY","SHALMON, IFTAH","STOLLER, ROM"
3,02:08,"PLATTEEUW, IAN",OREB,U18 Joventut Badalona,59,47,"BALDE, DANIEL","DEL CASTILLO, ERIC","GIL , MARTI","PLATTEEUW, IAN","RUIZ, HUMBERTO","ASHKENAZI, KEREM","BERG, ROEE","DODO, NITAY","SHALMON, IFTAH","STOLLER, ROM"
3,02:03,"PLATTEEUW, IAN",2PA,U18 Joventut Badalona,59,47,"BALDE, DANIEL","DEL CASTILLO, ERIC","GIL , MARTI","PLATTEEUW, IAN","RUIZ, HUMBERTO","ASHKENAZI, KEREM","BERG, ROEE","DODO, NITAY","SHALMON, IFTAH","STOLLER, ROM"
3,01:59,"DEL CASTILLO, ERIC",OREB,U18 Joventut Badalona,59,47,"BALDE, DANIEL","DEL CASTILLO, ERIC","GIL , MARTI","PLATTEEUW, IAN","RUIZ, HUMBERTO","ASHKENAZI, KEREM","BERG, ROEE","DODO, NITAY","SHALMON, IFTAH","STOLLER, ROM"
3,01:59,"DEL CASTILLO, ERIC",2PM,U18 Joventut Badalona,61,47,"BALDE, DANIEL","DEL CASTILLO, ERIC","GIL , MARTI","PLATTEEUW, IAN","RUIZ, HUMBERTO","ASHKENAZI, KEREM","BERG, ROEE","DODO, NITAY","SHALMON, IFTAH","STOLLER, ROM"
3,01:42,"BERG, ROEE",2PM,U18 Maccabi Tel Aviv,61,49,"BALDE, DANIEL","DEL CASTILLO, ERIC","GIL , MARTI","PLATTEEUW, IAN","RUIZ, HUMBERTO","ASHKENAZI, KEREM","BERG, ROEE","DODO, NITAY","SHALMON, IFTAH","STOLLER, ROM"
3,01:39,"ASHKENAZI, KEREM",AST,U18 Maccabi Tel Aviv,61,49,"BALDE, DANIEL","DEL CASTILLO, ERIC","GIL , MARTI","PLATTEEUW, IAN","RUIZ, HUMBERTO","ASHKENAZI, KEREM","BERG, ROEE","DODO, NITAY","SHALMON, IFTAH","STOLLER, ROM"
3,01:24,"PLATTEEUW, IAN",TOV,U18 Joventut Badalona,61,49,"BALDE, DANIEL","DEL CASTILLO, ERIC","GIL , MARTI","PLATTEEUW, IAN","RUIZ, HUMBERTO","ASHKENAZI, KEREM","BERG, ROEE","DODO, NITAY","SHALMON, IFTAH","STOLLER, ROM"
3,01:22,"ASHKENAZI, KEREM",STL,U18 Maccabi Tel Aviv,61,49,"BALDE, DANIEL","DEL CASTILLO, ERIC","GIL , MARTI","PLATTEEUW, IAN","RUIZ, HUMBERTO","ASHKENAZI, KEREM","BERG, ROEE","DODO, NITAY","SHALMON, IFTAH","STOLLER, ROM"
3,01:20,"ASHKENAZI, KEREM",TOV,U18 Maccabi Tel Aviv,61,49,"BALDE, DANIEL","DEL CASTILLO, ERIC","GIL , MARTI","PLATTEEUW, IAN","RUIZ, HUMBERTO","ASHKENAZI, KEREM","BERG, ROEE","DODO, NITAY","SHALMON, IFTAH","STOLLER, ROM"
3,01:15,"BALDE, DANIEL",STL,U18 Joventut Badalona,61,49,"BALDE, DANIEL","DEL CASTILLO, ERIC","GIL , MARTI","PLATTEEUW, IAN","RUIZ, HUMBERTO","ASHKENAZI, KEREM","BERG, ROEE","DODO, NITAY","SHALMON, IFTAH","STOLLER, ROM"
3,01:11,"RUIZ, HUMBERTO",2PA,U18 Joventut Badalona,61,49,"BALDE, DANIEL","DEL CASTILLO, ERIC","GIL , MARTI","PLATTEEUW, IAN","RUIZ, HUMBERTO","ASHKENAZI, KEREM","BERG, ROEE","DODO, NITAY","SHALMON, IFTAH","STOLLER, ROM"
3,01:09,"SHALMON, IFTAH",DREB,U18 Maccabi Tel Aviv,61,49,"BALDE, DANIEL","DEL CASTILLO, ERIC","GIL , MARTI","PLATTEEUW, IAN","RUIZ, HUMBERTO","ASHKENAZI, KEREM","BERG, ROEE","DODO, NITAY","SHALMON, IFTAH","STOLLER, ROM"
3,00:57,"DODO, NITAY",2PA,U18 Maccabi Tel Aviv,61,49,"BALDE, DANIEL","DEL CASTILLO, ERIC","GIL , MARTI","PLATTEEUW, IAN","RUIZ, HUMBERTO","ASHKENAZI, KEREM","BERG, ROEE","DODO, NITAY","SHALMON, IFTAH","STOLLER, ROM"
3,00:54,"BERG, ROEE",OREB,U18 Maccabi Tel Aviv,61,49,"BALDE, DANIEL","DEL CASTILLO, ERIC","GIL , MARTI","PLATTEEUW, IAN","RUIZ, HUMBERTO","ASHKENAZI, KEREM","BERG, ROEE","DODO, NITAY","SHALMON, IFTAH","STOLLER, ROM"
3,00:54,"BERG, ROEE",2PA,U18 Maccabi Tel Aviv,61,49,"BALDE, DANIEL","DEL CASTILLO, ERIC","GIL , MARTI","PLATTEEUW, IAN","RUIZ, HUMBERTO","ASHKENAZI, KEREM","BERG, ROEE","DODO, NITAY","SHALMON, IFTAH","STOLLER, ROM"
3,00:52,"DEL CASTILLO, ERIC",DREB,U18 Joventut Badalona,61,49,"BALDE, DANIEL","DEL CASTILLO, ERIC","GIL , MARTI","PLATTEEUW, IAN","RUIZ, HUMBERTO","ASHKENAZI, KEREM","BERG, ROEE","DODO, NITAY","SHALMON, IFTAH","STOLLER, ROM"
3,00:41,"ASHKENAZI, KEREM",PF,U18 Maccabi Tel Aviv,61,49,"BALDE, DANIEL","DEL CASTILLO, ERIC","GIL , MARTI","PLATTEEUW, IAN","RUIZ, HUMBERTO","ASHKENAZI, KEREM","BERG, ROEE","DODO, NITAY","SHALMON, IFTAH","STOLLER, ROM"
3,00:41,"PLATTEEUW, IAN",PFRec,U18 Joventut Badalona,61,49,"BALDE, DANIEL","DEL CASTILLO, ERIC","GIL , MARTI","PLATTEEUW, IAN","RUIZ, HUMBERTO","ASHKENAZI, KEREM","BERG, ROEE","DODO, NITAY","SHALMON, IFTAH","STOLLER, ROM"
3,00:41,"PLATTEEUW, IAN",FTA,U18 Joventut Badalona,61,49,"BALDE, DANIEL","BATLLE, PAU","GIL , MARTI","PALLARES, PAU","PLATTEEUW, IAN","ASHKENAZI, KEREM","BERG, ROEE","DODO, NITAY","SHALMON, IFTAH","STOLLER, ROM"
3,00:41,"PLATTEEUW, IAN",FTA,U18 Joventut Badalona,61,49,"BALDE, DANIEL","BATLLE, PAU","GIL , MARTI","PALLARES, PAU","PLATTEEUW, IAN","ASHKENAZI, KEREM","BERG, ROEE","DODO, NITAY","SHALMON, IFTAH","STOLLER, ROM"
3,00:41,"STOLLER, ROM",DREB,U18 Maccabi Tel Aviv,61,49,"BALDE, DANIEL","BATLLE, PAU","GIL , MARTI","PALLARES, PAU","PLATTEEUW, IAN","ASHKENAZI, KEREM","BERG, ROEE","DODO, NITAY","SHALMON, IFTAH","STOLLER, ROM"
3,00:24,"DODO, NITAY",TOV,U18 Maccabi Tel Aviv,61,49,"BALDE, DANIEL","BATLLE, PAU","GIL , MARTI","PALLARES, PAU","PLATTEEUW, IAN","ASHKENAZI, KEREM","BERG, ROEE","DODO, NITAY","SHALMON, IFTAH","STOLLER, ROM"
3,00:24,"PLATTEEUW, IAN",STL,U18 Joventut Badalona,61,49,"BALDE, DANIEL","BATLLE, PAU","GIL , MARTI","PALLARES, PAU","PLATTEEUW, IAN","ASHKENAZI, KEREM","BERG, ROEE","DODO, NITAY","SHALMON, IFTAH","STOLLER, ROM"
3,00:01,"BALDE, DANIEL",2PA,U18 Joventut Badalona,61,49,"BALDE, DANIEL","BATLLE, PAU","GIL , MARTI","PALLARES, PAU","PLATTEEUW, IAN","ASHKENAZI, KEREM","BERG, ROEE","DODO, NITAY","SHALMON, IFTAH","STOLLER, ROM"
3,00:01,"BATLLE, PAU",OREB,U18 Joventut Badalona,61,49,"BALDE, DANIEL","BATLLE, PAU","GIL , MARTI","PALLARES, PAU","PLATTEEUW, IAN","ASHKENAZI, KEREM","BERG, ROEE","DODO, NITAY","SHALMON, IFTAH","STOLLER, ROM"
4,09:43,"LACHMANOVICH, ARBEL",3PA,U18 Maccabi Tel Aviv,61,49,"BALDE, DANIEL","BATLLE, PAU","GIL , MARTI","PETROVICS, HELMUTS","PLATTEEUW, IAN","ARTMENKO, GABRIEL","BARAK, ERAN","GOLD, TAMIR","LACHMANOVICH, ARBEL","SHALMON, IFTAH"
4,09:40,"PETROVICS, HELMUTS",DREB,U18 Joventut Badalona,61,49,"BALDE, DANIEL","BATLLE, PAU","GIL , MARTI","PETROVICS, HELMUTS","PLATTEEUW, IAN","ARTMENKO, GABRIEL","BARAK, ERAN","GOLD, TAMIR","LACHMANOVICH, ARBEL","SHALMON, IFTAH"
4,09:34,"BARAK, ERAN",PF,U18 Maccabi Tel Aviv,61,49,"BALDE, DANIEL","BATLLE, PAU","GIL , MARTI","PETROVICS, HELMUTS","PLATTEEUW, IAN","ARTMENKO, GABRIEL","BARAK, ERAN","GOLD, TAMIR","LACHMANOVICH, ARBEL","SHALMON, IFTAH"
4,09:34,"PETROVICS, HELMUTS",PFRec,U18 Joventut Badalona,61,49,"BALDE, DANIEL","BATLLE, PAU","GIL , MARTI","PETROVICS, HELMUTS","PLATTEEUW, IAN","ARTMENKO, GABRIEL","BARAK, ERAN","GOLD, TAMIR","LACHMANOVICH, ARBEL","SHALMON, IFTAH"
4,09:21,"PETROVICS, HELMUTS",3PA,U18 Joventut Badalona,61,49,"BALDE, DANIEL","BATLLE, PAU","GIL , MARTI","PETROVICS, HELMUTS","PLATTEEUW, IAN","ARTMENKO, GABRIEL","BARAK, ERAN","GOLD, TAMIR","LACHMANOVICH, ARBEL","SHALMON, IFTAH"
4,09:17,"ARTMENKO, GABRIEL",DREB,U18 Maccabi Tel Aviv,61,49,"BALDE, DANIEL","BATLLE, PAU","GIL , MARTI","PETROVICS, HELMUTS","PLATTEEUW, IAN","ARTMENKO, GABRIEL","BARAK, ERAN","GOLD, TAMIR","LACHMANOVICH, ARBEL","SHALMON, IFTAH"
4,08:58,"ARTMENKO, GABRIEL",3PA,U18 Maccabi Tel Aviv,61,49,"BALDE, DANIEL","BATLLE, PAU","GIL , MARTI","PETROVICS, HELMUTS","PLATTEEUW, IAN","ARTMENKO, GABRIEL","BARAK, ERAN","GOLD, TAMIR","LACHMANOVICH, ARBEL","SHALMON, IFTAH"
4,08:58,TEAM,DREB,U18 Joventut Badalona,61,49,"BALDE, DANIEL","BATLLE, PAU","GIL , MARTI","PETROVICS, HELMUTS","PLATTEEUW, IAN","ARTMENKO, GABRIEL","BARAK, ERAN","GOLD, TAMIR","LACHMANOVICH, ARBEL","SHALMON, IFTAH"
4,08:49,TEAM,TOV,U18 Joventut Badalona,61,49,"BALDE, DANIEL","BATLLE, PAU","GIL , MARTI","PETROVICS, HELMUTS","PLATTEEUW, IAN","ARTMENKO, GABRIEL","BARAK, ERAN","GOLD, TAMIR","LACHMANOVICH, ARBEL","SHALMON, IFTAH"
4,08:34,"GOLD, TAMIR",TOV,U18 Maccabi Tel Aviv,61,49,"BALDE, DANIEL","BATLLE, PAU","GIL , MARTI","PETROVICS, HELMUTS","PLATTEEUW, IAN","ARTMENKO, GABRIEL","BARAK, ERAN","GOLD, TAMIR","LACHMANOVICH, ARBEL","SHALMON, IFTAH"
4,08:33,"BALDE, DANIEL",STL,U18 Joventut Badalona,61,49,"BALDE, DANIEL","BATLLE, PAU","GIL , MARTI","PETROVICS, HELMUTS","PLATTEEUW, IAN","ARTMENKO, GABRIEL","BARAK, ERAN","GOLD, TAMIR","LACHMANOVICH, ARBEL","SHALMON, IFTAH"
4,08:31,"PETROVICS, HELMUTS",PF,U18 Joventut Badalona,61,49,"BALDE, DANIEL","BATLLE, PAU","GIL , MARTI","PETROVICS, HELMUTS","PLATTEEUW, IAN","ARTMENKO, GABRIEL","BARAK, ERAN","GOLD, TAMIR","LACHMANOVICH, ARBEL","SHALMON, IFTAH"
4,08:31,"PETROVICS, HELMUTS",TOV,U18 Joventut Badalona,61,49,"BALDE, DANIEL","BATLLE, PAU","GIL , MARTI","PETROVICS, HELMUTS","PLATTEEUW, IAN","ARTMENKO, GABRIEL","BARAK, ERAN","GOLD, TAMIR","LACHMANOVICH, ARBEL","SHALMON, IFTAH"
4,08:31,"BARAK, ERAN",PFRec,U18 Maccabi Tel Aviv,61,49,"BALDE, DANIEL","BATLLE, PAU","GIL , MARTI","PETROVICS, HELMUTS","PLATTEEUW, IAN","ARTMENKO, GABRIEL","BARAK, ERAN","GOLD, TAMIR","LACHMANOVICH, ARBEL","SHALMON, IFTAH"
4,08:14,"GOLD, TAMIR",3PA,U18 Maccabi Tel Aviv,61,49,"BALDE, DANIEL","BATLLE, PAU","DEL CASTILLO, ERIC","GIL , MARTI","PLATTEEUW, IAN","ARTMENKO, GABRIEL","BARAK, ERAN","GOLD, TAMIR","LACHMANOVICH, ARBEL","SHALMON, IFTAH"
4,08:12,"GIL , MARTI",DREB,U18 Joventut Badalona,61,49,"BALDE, DANIEL","BATLLE, PAU","DEL CASTILLO, ERIC","GIL , MARTI","PLATTEEUW, IAN","ARTMENKO, GABRIEL","BARAK, ERAN","GOLD, TAMIR","LACHMANOVICH, ARBEL","SHALMON, IFTAH"
4,08:09,"BARAK, ERAN",PF,U18 Maccabi Tel Aviv,61,49,"BALDE, DANIEL","BATLLE, PAU","DEL CASTILLO, ERIC","GIL , MARTI","PLATTEEUW, IAN","ARTMENKO, GABRIEL","BARAK, ERAN","GOLD, TAMIR","LACHMANOVICH, ARBEL","SHALMON, IFTAH"
4,08:09,"GIL , MARTI",PFRec,U18 Joventut Badalona,61,49,"BALDE, DANIEL","BATLLE, PAU","DEL CASTILLO, ERIC","GIL , MARTI","PLATTEEUW, IAN","ARTMENKO, GABRIEL","BARAK, ERAN","GOLD, TAMIR","LACHMANOVICH, ARBEL","SHALMON, IFTAH"
4,08:00,"DEL CASTILLO, ERIC",2PM,U18 Joventut Badalona,63,49,"BALDE, DANIEL","BATLLE, PAU","DEL CASTILLO, ERIC","GIL , MARTI","PLATTEEUW, IAN","ARTMENKO, GABRIEL","BARAK, ERAN","GOLD, TAMIR","LACHMANOVICH, ARBEL","SHALMON, IFTAH"
4,07:57,"GIL , MARTI",AST,U18 Joventut Badalona,63,49,"BALDE, DANIEL","BATLLE, PAU","DEL CASTILLO, ERIC","GIL , MARTI","PLATTEEUW, IAN","ARTMENKO, GABRIEL","BARAK, ERAN","GOLD, TAMIR","LACHMANOVICH, ARBEL","SHALMON, IFTAH"
4,07:41,"BARAK, ERAN",2PA,U18 Maccabi Tel Aviv,63,49,"BALDE, DANIEL","BATLLE, PAU","DEL CASTILLO, ERIC","GIL , MARTI","PLATTEEUW, IAN","ARTMENKO, GABRIEL","BARAK, ERAN","GOLD, TAMIR","LACHMANOVICH, ARBEL","SHALMON, IFTAH"
4,07:39,"PLATTEEUW, IAN",DREB,U18 Joventut Badalona,63,49,"BALDE, DANIEL","BATLLE, PAU","DEL CASTILLO, ERIC","GIL , MARTI","PLATTEEUW, IAN","ARTMENKO, GABRIEL","BARAK, ERAN","GOLD, TAMIR","LACHMANOVICH, ARBEL","SHALMON, IFTAH"
4,07:32,"DEL CASTILLO, ERIC",2PM,U18 Joventut Badalona,65,49,"BALDE, DANIEL","BATLLE, PAU","DEL CASTILLO, ERIC","GIL , MARTI","PLATTEEUW, IAN","ARTMENKO, GABRIEL","BARAK, ERAN","GOLD, TAMIR","LACHMANOVICH, ARBEL","SHALMON, IFTAH"
4,07:30,"GIL , MARTI",AST,U18 Joventut Badalona,65,49,"BALDE, DANIEL","BATLLE, PAU","DEL CASTILLO, ERIC","GIL , MARTI","PLATTEEUW, IAN","ARTMENKO, GABRIEL","BARAK, ERAN","GOLD, TAMIR","LACHMANOVICH, ARBEL","SHALMON, IFTAH"
4,07:06,"GOLD, TAMIR",TOV,U18 Maccabi Tel Aviv,65,49,"BALDE, DANIEL","BATLLE, PAU","DEL CASTILLO, ERIC","GIL , MARTI","PLATTEEUW, IAN","ARTMENKO, GABRIEL","BARAK, ERAN","GOLD, TAMIR","LACHMANOVICH, ARBEL","SHALMON, IFTAH"
4,07:04,"GIL , MARTI",STL,U18 Joventut Badalona,65,49,"BALDE, DANIEL","BATLLE, PAU","DEL CASTILLO, ERIC","GIL , MARTI","PLATTEEUW, IAN","ARTMENKO, GABRIEL","BARAK, ERAN","GOLD, TAMIR","LACHMANOVICH, ARBEL","SHALMON, IFTAH"
4,07:03,"GIL , MARTI",TOV,U18 Joventut Badalona,65,49,"BALDE, DANIEL","BATLLE, PAU","DEL CASTILLO, ERIC","GIL , MARTI","PLATTEEUW, IAN","ARTMENKO, GABRIEL","BARAK, ERAN","GOLD, TAMIR","LACHMANOVICH, ARBEL","SHALMON, IFTAH"
4,07:03,TEAM,TO,U18 Maccabi Tel Aviv,65,49,"BALDE, DANIEL","BATLLE, PAU","DEL CASTILLO, ERIC","GIL , MARTI","PLATTEEUW, IAN","ARTMENKO, GABRIEL","BARAK, ERAN","GOLD, TAMIR","LACHMANOVICH, ARBEL","SHALMON, IFTAH"
4,06:54,"LACHMANOVICH, ARBEL",TOV,U18 Maccabi Tel Aviv,65,49,"BALDE, DANIEL","BATLLE, PAU","GIL , MARTI","PLATTEEUW, IAN","RUIZ, HUMBERTO","AGAMI, ELI","ARTMENKO, GABRIEL","BARAK, ERAN","GOLD, TAMIR","LACHMANOVICH, ARBEL"
4,06:52,"RUIZ, HUMBERTO",STL,U18 Joventut Badalona,65,49,"BALDE, DANIEL","BATLLE, PAU","GIL , MARTI","PLATTEEUW, IAN","RUIZ, HUMBERTO","AGAMI, ELI","ARTMENKO, GABRIEL","BARAK, ERAN","GOLD, TAMIR","LACHMANOVICH, ARBEL"
4,06:40,"PLATTEEUW, IAN",TOV,U18 Joventut Badalona,65,49,"BALDE, DANIEL","BATLLE, PAU","GIL , MARTI","PLATTEEUW, IAN","RUIZ, HUMBERTO","AGAMI, ELI","ARTMENKO, GABRIEL","BARAK, ERAN","GOLD, TAMIR","LACHMANOVICH, ARBEL"
4,06:29,"GOLD, TAMIR",3PA,U18 Maccabi Tel Aviv,65,49,"BALDE, DANIEL","BATLLE, PAU","GIL , MARTI","PLATTEEUW, IAN","RUIZ, HUMBERTO","AGAMI, ELI","ARTMENKO, GABRIEL","BARAK, ERAN","GOLD, TAMIR","LACHMANOVICH, ARBEL"
4,06:27,"PLATTEEUW, IAN",DREB,U18 Joventut Badalona,65,49,"BALDE, DANIEL","BATLLE, PAU","GIL , MARTI","PLATTEEUW, IAN","RUIZ, HUMBERTO","AGAMI, ELI","ARTMENKO, GABRIEL","BARAK, ERAN","GOLD, TAMIR","LACHMANOVICH, ARBEL"
4,06:18,"BALDE, DANIEL",2PA,U18 Joventut Badalona,65,49,"BALDE, DANIEL","BATLLE, PAU","GIL , MARTI","PLATTEEUW, IAN","RUIZ, HUMBERTO","AGAMI, ELI","ARTMENKO, GABRIEL","BARAK, ERAN","GOLD, TAMIR","LACHMANOVICH, ARBEL"
4,06:16,"GOLD, TAMIR",DREB,U18 Maccabi Tel Aviv,65,49,"BALDE, DANIEL","BATLLE, PAU","GIL , MARTI","PLATTEEUW, IAN","RUIZ, HUMBERTO","AGAMI, ELI","ARTMENKO, GABRIEL","BARAK, ERAN","GOLD, TAMIR","LACHMANOVICH, ARBEL"
4,06:05,"AGAMI, ELI",3PA,U18 Maccabi Tel Aviv,65,49,"BALDE, DANIEL","BATLLE, PAU","GIL , MARTI","PLATTEEUW, IAN","RUIZ, HUMBERTO","AGAMI, ELI","ARTMENKO, GABRIEL","BARAK, ERAN","GOLD, TAMIR","LACHMANOVICH, ARBEL"
4,06:03,"PLATTEEUW, IAN",DREB,U18 Joventut Badalona,65,49,"BALDE, DANIEL","BATLLE, PAU","GIL , MARTI","PLATTEEUW, IAN","RUIZ, HUMBERTO","AGAMI, ELI","ARTMENKO, GABRIEL","BARAK, ERAN","GOLD, TAMIR","LACHMANOVICH, ARBEL"
4,05:43,"BATLLE, PAU",2PA,U18 Joventut Badalona,65,49,"BALDE, DANIEL","BATLLE, PAU","GIL , MARTI","PLATTEEUW, IAN","RUIZ, HUMBERTO","AGAMI, ELI","ARTMENKO, GABRIEL","BARAK, ERAN","GOLD, TAMIR","LACHMANOVICH, ARBEL"
4,05:39,"GOLD, TAMIR",DREB,U18 Maccabi Tel Aviv,65,49,"BALDE, DANIEL","BATLLE, PAU","GIL , MARTI","PLATTEEUW, IAN","RUIZ, HUMBERTO","AGAMI, ELI","ARTMENKO, GABRIEL","BARAK, ERAN","GOLD, TAMIR","LACHMANOVICH, ARBEL"
4,05:33,"BALDE, DANIEL",PF,U18 Joventut Badalona,65,49,"BALDE, DANIEL","BATLLE, PAU","GIL , MARTI","PLATTEEUW, IAN","RUIZ, HUMBERTO","AGAMI, ELI","ARTMENKO, GABRIEL","BARAK, ERAN","GOLD, TAMIR","LACHMANOVICH, ARBEL"
4,05:33,"GOLD, TAMIR",PFRec,U18 Maccabi Tel Aviv,65,49,"BALDE, DANIEL","BATLLE, PAU","GIL , MARTI","PLATTEEUW, IAN","RUIZ, HUMBERTO","AGAMI, ELI","ARTMENKO, GABRIEL","BARAK, ERAN","GOLD, TAMIR","LACHMANOVICH, ARBEL"
4,05:30,"LACHMANOVICH, ARBEL",3PA,U18 Maccabi Tel Aviv,65,49,"BATLLE, PAU","MEREBASHVILI, SABA","PETROVICS, HELMUTS","PLATTEEUW, IAN","RUIZ, HUMBERTO","AGAMI, ELI","ARTMENKO, GABRIEL","GIUSTI, DIEGO","GOLD, TAMIR","LACHMANOVICH, ARBEL"
4,05:27,"PETROVICS, HELMUTS",DREB,U18 Joventut Badalona,65,49,"BATLLE, PAU","MEREBASHVILI, SABA","PETROVICS, HELMUTS","PLATTEEUW, IAN","RUIZ, HUMBERTO","AGAMI, ELI","ARTMENKO, GABRIEL","GIUSTI, DIEGO","GOLD, TAMIR","LACHMANOVICH, ARBEL"
4,05:07,"RUIZ, HUMBERTO",3PA,U18 Joventut Badalona,65,49,"BATLLE, PAU","MEREBASHVILI, SABA","PETROVICS, HELMUTS","PLATTEEUW, IAN","RUIZ, HUMBERTO","AGAMI, ELI","ARTMENKO, GABRIEL","GIUSTI, DIEGO","GOLD, TAMIR","LACHMANOVICH, ARBEL"
4,05:04,"LACHMANOVICH, ARBEL",DREB,U18 Maccabi Tel Aviv,65,49,"BATLLE, PAU","MEREBASHVILI, SABA","PETROVICS, HELMUTS","PLATTEEUW, IAN","RUIZ, HUMBERTO","AGAMI, ELI","ARTMENKO, GABRIEL","GIUSTI, DIEGO","GOLD, TAMIR","LACHMANOVICH, ARBEL"
4,04:57,"LACHMANOVICH, ARBEL",TOV,U18 Maccabi Tel Aviv,65,49,"BATLLE, PAU","MEREBASHVILI, SABA","PETROVICS, HELMUTS","PLATTEEUW, IAN","RUIZ, HUMBERTO","AGAMI, ELI","ARTMENKO, GABRIEL","GIUSTI, DIEGO","GOLD, TAMIR","LACHMANOVICH, ARBEL"
4,04:39,"PETROVICS, HELMUTS",2PA,U18 Joventut Badalona,65,49,"BATLLE, PAU","MEREBASHVILI, SABA","PETROVICS, HELMUTS","PLATTEEUW, IAN","RUIZ, HUMBERTO","AGAMI, ELI","ALKOBI, LIAM","ASHKENAZI, KEREM","GIUSTI, DIEGO","GOLD, TAMIR"
4,04:39,"PETROVICS, HELMUTS",BLKRec,U18 Joventut Badalona,65,49,"BATLLE, PAU","MEREBASHVILI, SABA","PETROVICS, HELMUTS","PLATTEEUW, IAN","RUIZ, HUMBERTO","AGAMI, ELI","ALKOBI, LIAM","ASHKENAZI, KEREM","GIUSTI, DIEGO","GOLD, TAMIR"
4,04:39,"ASHKENAZI, KEREM",BLK,U18 Maccabi Tel Aviv,65,49,"BATLLE, PAU","MEREBASHVILI, SABA","PETROVICS, HELMUTS","PLATTEEUW, IAN","RUIZ, HUMBERTO","AGAMI, ELI","ALKOBI, LIAM","ASHKENAZI, KEREM","GIUSTI, DIEGO","GOLD, TAMIR"
4,04:39,"GOLD, TAMIR",DREB,U18 Maccabi Tel Aviv,65,49,"BATLLE, PAU","MEREBASHVILI, SABA","PETROVICS, HELMUTS","PLATTEEUW, IAN","RUIZ, HUMBERTO","AGAMI, ELI","ALKOBI, LIAM","ASHKENAZI, KEREM","GIUSTI, DIEGO","GOLD, TAMIR"
4,04:39,"PETROVICS, HELMUTS",PF,U18 Joventut Badalona,65,49,"BATLLE, PAU","MEREBASHVILI, SABA","PETROVICS, HELMUTS","PLATTEEUW, IAN","RUIZ, HUMBERTO","AGAMI, ELI","ALKOBI, LIAM","ASHKENAZI, KEREM","GIUSTI, DIEGO","GOLD, TAMIR"
4,04:39,"GOLD, TAMIR",PFRec,U18 Maccabi Tel Aviv,65,49,"BATLLE, PAU","MEREBASHVILI, SABA","PETROVICS, HELMUTS","PLATTEEUW, IAN","RUIZ, HUMBERTO","AGAMI, ELI","ALKOBI, LIAM","ASHKENAZI, KEREM","GIUSTI, DIEGO","GOLD, TAMIR"
4,04:21,"GOLD, TAMIR",2PA,U18 Maccabi Tel Aviv,65,49,"BATLLE, PAU","GIL , MARTI","MEREBASHVILI, SABA","PLATTEEUW, IAN","RUIZ, HUMBERTO","AGAMI, ELI","ALKOBI, LIAM","ASHKENAZI, KEREM","GIUSTI, DIEGO","GOLD, TAMIR"
4,04:18,"MEREBASHVILI, SABA",DREB,U18 Joventut Badalona,65,49,"BATLLE, PAU","GIL , MARTI","MEREBASHVILI, SABA","PLATTEEUW, IAN","RUIZ, HUMBERTO","AGAMI, ELI","ALKOBI, LIAM","ASHKENAZI, KEREM","GIUSTI, DIEGO","GOLD, TAMIR"
4,04:03,"GIL , MARTI",TOV,U18 Joventut Badalona,65,49,"BATLLE, PAU","GIL , MARTI","MEREBASHVILI, SABA","PLATTEEUW, IAN","RUIZ, HUMBERTO","AGAMI, ELI","ALKOBI, LIAM","ASHKENAZI, KEREM","GIUSTI, DIEGO","GOLD, TAMIR"
4,03:58,"GIUSTI, DIEGO",STL,U18 Maccabi Tel Aviv,65,49,"BATLLE, PAU","GIL , MARTI","MEREBASHVILI, SABA","PLATTEEUW, IAN","RUIZ, HUMBERTO","AGAMI, ELI","ALKOBI, LIAM","ASHKENAZI, KEREM","GIUSTI, DIEGO","GOLD, TAMIR"
4,03:55,"ASHKENAZI, KEREM",2PM,U18 Maccabi Tel Aviv,65,51,"BATLLE, PAU","GIL , MARTI","MEREBASHVILI, SABA","PLATTEEUW, IAN","RUIZ, HUMBERTO","AGAMI, ELI","ALKOBI, LIAM","ASHKENAZI, KEREM","GIUSTI, DIEGO","GOLD, TAMIR"
4,03:52,"AGAMI, ELI",AST,U18 Maccabi Tel Aviv,65,51,"BATLLE, PAU","GIL , MARTI","MEREBASHVILI, SABA","PLATTEEUW, IAN","RUIZ, HUMBERTO","AGAMI, ELI","ALKOBI, LIAM","ASHKENAZI, KEREM","GIUSTI, DIEGO","GOLD, TAMIR"
4,03:37,"MEREBASHVILI, SABA",3PA,U18 Joventut Badalona,65,51,"BATLLE, PAU","GIL , MARTI","MEREBASHVILI, SABA","PLATTEEUW, IAN","RUIZ, HUMBERTO","AGAMI, ELI","ALKOBI, LIAM","ASHKENAZI, KEREM","GIUSTI, DIEGO","GOLD, TAMIR"
4,03:34,"GIL , MARTI",OREB,U18 Joventut Badalona,65,51,"BATLLE, PAU","GIL , MARTI","MEREBASHVILI, SABA","PLATTEEUW, IAN","RUIZ, HUMBERTO","AGAMI, ELI","ALKOBI, LIAM","ASHKENAZI, KEREM","GIUSTI, DIEGO","GOLD, TAMIR"
4,03:29,"GIL , MARTI",2PA,U18 Joventut Badalona,65,51,"BATLLE, PAU","GIL , MARTI","MEREBASHVILI, SABA","PLATTEEUW, IAN","RUIZ, HUMBERTO","AGAMI, ELI","ALKOBI, LIAM","ASHKENAZI, KEREM","GIUSTI, DIEGO","GOLD, TAMIR"
4,03:27,"AGAMI, ELI",DREB,U18 Maccabi Tel Aviv,65,51,"BATLLE, PAU","GIL , MARTI","MEREBASHVILI, SABA","PLATTEEUW, IAN","RUIZ, HUMBERTO","AGAMI, ELI","ALKOBI, LIAM","ASHKENAZI, KEREM","GIUSTI, DIEGO","GOLD, TAMIR"
4,03:16,"ASHKENAZI, KEREM",TOV,U18 Maccabi Tel Aviv,65,51,"BATLLE, PAU","GIL , MARTI","MEREBASHVILI, SABA","PLATTEEUW, IAN","RUIZ, HUMBERTO","AGAMI, ELI","ALKOBI, LIAM","ASHKENAZI, KEREM","GIUSTI, DIEGO","GOLD, TAMIR"
4,03:14,"PLATTEEUW, IAN",STL,U18 Joventut Badalona,65,51,"BATLLE, PAU","GIL , MARTI","MEREBASHVILI, SABA","PLATTEEUW, IAN","RUIZ, HUMBERTO","AGAMI, ELI","ALKOBI, LIAM","ASHKENAZI, KEREM","GIUSTI, DIEGO","GOLD, TAMIR"
4,03:09,"MEREBASHVILI, SABA",2PM,U18 Joventut Badalona,67,51,"BATLLE, PAU","GIL , MARTI","MEREBASHVILI, SABA","PLATTEEUW, IAN","RUIZ, HUMBERTO","AGAMI, ELI","ALKOBI, LIAM","ASHKENAZI, KEREM","GIUSTI, DIEGO","GOLD, TAMIR"
4,03:06,"PLATTEEUW, IAN",AST,U18 Joventut Badalona,67,51,"BATLLE, PAU","GIL , MARTI","MEREBASHVILI, SABA","PLATTEEUW, IAN","RUIZ, HUMBERTO","AGAMI, ELI","ALKOBI, LIAM","ASHKENAZI, KEREM","GIUSTI, DIEGO","GOLD, TAMIR"
4,02:45,"ASHKENAZI, KEREM",3PM,U18 Maccabi Tel Aviv,67,54,"BATLLE, PAU","GIL , MARTI","MEREBASHVILI, SABA","PLATTEEUW, IAN","RUIZ, HUMBERTO","AGAMI, ELI","ALKOBI, LIAM","ASHKENAZI, KEREM","GIUSTI, DIEGO","GOLD, TAMIR"
4,02:42,"AGAMI, ELI",AST,U18 Maccabi Tel Aviv,67,54,"BATLLE, PAU","GIL , MARTI","MEREBASHVILI, SABA","PLATTEEUW, IAN","RUIZ, HUMBERTO","AGAMI, ELI","ALKOBI, LIAM","ASHKENAZI, KEREM","GIUSTI, DIEGO","GOLD, TAMIR"
4,02:34,"GIUSTI, DIEGO",PF,U18 Maccabi Tel Aviv,67,54,"BATLLE, PAU","GIL , MARTI","MEREBASHVILI, SABA","PLATTEEUW, IAN","RUIZ, HUMBERTO","AGAMI, ELI","ALKOBI, LIAM","ASHKENAZI, KEREM","GIUSTI, DIEGO","GOLD, TAMIR"
4,02:34,"MEREBASHVILI, SABA",PFRec,U18 Joventut Badalona,67,54,"BATLLE, PAU","GIL , MARTI","MEREBASHVILI, SABA","PLATTEEUW, IAN","RUIZ, HUMBERTO","AGAMI, ELI","ALKOBI, LIAM","ASHKENAZI, KEREM","GIUSTI, DIEGO","GOLD, TAMIR"
4,02:20,"PALLARES, PAU",2PM,U18 Joventut Badalona,69,54,"BATLLE, PAU","BERMEJO, PAU","GIL , MARTI","MEREBASHVILI, SABA","PALLARES, PAU","AGAMI, ELI","ALKOBI, LIAM","ASHKENAZI, KEREM","GIUSTI, DIEGO","STOLLER, ROM"
4,02:10,"ALKOBI, LIAM",TOV,U18 Maccabi Tel Aviv,69,54,"BATLLE, PAU","BERMEJO, PAU","GIL , MARTI","MEREBASHVILI, SABA","PALLARES, PAU","AGAMI, ELI","ALKOBI, LIAM","ASHKENAZI, KEREM","GIUSTI, DIEGO","STOLLER, ROM"
4,01:53,"GIUSTI, DIEGO",PF,U18 Maccabi Tel Aviv,69,54,"BATLLE, PAU","BERMEJO, PAU","GIL , MARTI","MEREBASHVILI, SABA","PALLARES, PAU","AGAMI, ELI","ALKOBI, LIAM","ASHKENAZI, KEREM","GIUSTI, DIEGO","STOLLER, ROM"
4,01:53,"GIL , MARTI",PFRecShot,U18 Joventut Badalona,69,54,"BATLLE, PAU","BERMEJO, PAU","GIL , MARTI","MEREBASHVILI, SABA","PALLARES, PAU","AGAMI, ELI","ALKOBI, LIAM","ASHKENAZI, KEREM","GIUSTI, DIEGO","STOLLER, ROM"
4,01:53,"GIL , MARTI",FTM,U18 Joventut Badalona,70,54,"BATLLE, PAU","BERMEJO, PAU","GIL , MARTI","MEREBASHVILI, SABA","PALLARES, PAU","AGAMI, ELI","ALKOBI, LIAM","ASHKENAZI, KEREM","GIUSTI, DIEGO","STOLLER, ROM"
4,01:53,"PALLARES, PAU",AST,U18 Joventut Badalona,70,54,"BATLLE, PAU","BERMEJO, PAU","GIL , MARTI","MEREBASHVILI, SABA","PALLARES, PAU","AGAMI, ELI","ALKOBI, LIAM","ASHKENAZI, KEREM","GIUSTI, DIEGO","STOLLER, ROM"
4,01:52,"GIL , MARTI",FTA,U18 Joventut Badalona,70,54,"BATLLE, PAU","BERMEJO, PAU","GIL , MARTI","MEREBASHVILI, SABA","PALLARES, PAU","AGAMI, ELI","ALKOBI, LIAM","ASHKENAZI, KEREM","GIUSTI, DIEGO","STOLLER, ROM"
4,01:43,"ALKOBI, LIAM",DREB,U18 Maccabi Tel Aviv,70,54,"BATLLE, PAU","BERMEJO, PAU","GIL , MARTI","MEREBASHVILI, SABA","PALLARES, PAU","AGAMI, ELI","ALKOBI, LIAM","ASHKENAZI, KEREM","GIUSTI, DIEGO","STOLLER, ROM"
4,01:35,"GIUSTI, DIEGO",2PA,U18 Maccabi Tel Aviv,70,54,"BATLLE, PAU","BERMEJO, PAU","GIL , MARTI","MEREBASHVILI, SABA","PALLARES, PAU","AGAMI, ELI","ALKOBI, LIAM","ASHKENAZI, KEREM","GIUSTI, DIEGO","STOLLER, ROM"
4,01:32,"BERMEJO, PAU",DREB,U18 Joventut Badalona,70,54,"BATLLE, PAU","BERMEJO, PAU","GIL , MARTI","MEREBASHVILI, SABA","PALLARES, PAU","AGAMI, ELI","ALKOBI, LIAM","ASHKENAZI, KEREM","GIUSTI, DIEGO","STOLLER, ROM"
4,01:28,"GIL , MARTI",TOV,U18 Joventut Badalona,70,54,"BATLLE, PAU","BERMEJO, PAU","GIL , MARTI","MEREBASHVILI, SABA","PALLARES, PAU","AGAMI, ELI","ALKOBI, LIAM","ASHKENAZI, KEREM","GIUSTI, DIEGO","STOLLER, ROM"
4,01:00,"ASHKENAZI, KEREM",2PA,U18 Maccabi Tel Aviv,70,54,"BATLLE, PAU","BERMEJO, PAU","GIL , MARTI","PALLARES, PAU","THOMAS, TARIQ","AGAMI, ELI","ALKOBI, LIAM","ASHKENAZI, KEREM","GIUSTI, DIEGO","STOLLER, ROM"
4,00:58,"PALLARES, PAU",DREB,U18 Joventut Badalona,70,54,"BATLLE, PAU","BERMEJO, PAU","GIL , MARTI","PALLARES, PAU","THOMAS, TARIQ","AGAMI, ELI","ALKOBI, LIAM","ASHKENAZI, KEREM","GIUSTI, DIEGO","STOLLER, ROM"
4,00:34,"BATLLE, PAU",2PM,U18 Joventut Badalona,72,54,"BATLLE, PAU","BERMEJO, PAU","GIL , MARTI","PALLARES, PAU","THOMAS, TARIQ","AGAMI, ELI","ALKOBI, LIAM","ASHKENAZI, KEREM","GIUSTI, DIEGO","STOLLER, ROM"
4,00:32,"GIL , MARTI",AST,U18 Joventut Badalona,72,54,"BATLLE, PAU","BERMEJO, PAU","GIL , MARTI","PALLARES, PAU","THOMAS, TARIQ","AGAMI, ELI","ALKOBI, LIAM","ASHKENAZI, KEREM","GIUSTI, DIEGO","STOLLER, ROM"
4,00:20,"THOMAS, TARIQ",PF,U18 Joventut Badalona,72,54,"BATLLE, PAU","BERMEJO, PAU","GIL , MARTI","PALLARES, PAU","THOMAS, TARIQ","AGAMI, ELI","ALKOBI, LIAM","ASHKENAZI, KEREM","GIUSTI, DIEGO","STOLLER, ROM"
4,00:20,"AGAMI, ELI",PFRecShot,U18 Maccabi Tel Aviv,72,54,"BATLLE, PAU","BERMEJO, PAU","GIL , MARTI","PALLARES, PAU","THOMAS, TARIQ","AGAMI, ELI","ALKOBI, LIAM","ASHKENAZI, KEREM","GIUSTI, DIEGO","STOLLER, ROM"
4,00:20,"AGAMI, ELI",FTM,U18 Maccabi Tel Aviv,72,55,"BATLLE, PAU","BERMEJO, PAU","GIL , MARTI","PALLARES, PAU","THOMAS, TARIQ","AGAMI, ELI","ALKOBI, LIAM","ASHKENAZI, KEREM","GIUSTI, DIEGO","STOLLER, ROM"
4,00:20,"AGAMI, ELI",FTA,U18 Maccabi Tel Aviv,72,55,"BATLLE, PAU","BERMEJO, PAU","GIL , MARTI","PALLARES, PAU","THOMAS, TARIQ","AGAMI, ELI","ALKOBI, LIAM","ASHKENAZI, KEREM","GIUSTI, DIEGO","STOLLER, ROM"
4,00:20,"AGAMI, ELI",OREB,U18 Maccabi Tel Aviv,72,55,"BATLLE, PAU","BERMEJO, PAU","GIL , MARTI","PALLARES, PAU","THOMAS, TARIQ","AGAMI, ELI","ALKOBI, LIAM","ASHKENAZI, KEREM","GIUSTI, DIEGO","STOLLER, ROM"
4,00:18,"AGAMI, ELI",2PA,U18 Maccabi Tel Aviv,72,55,"BATLLE, PAU","BERMEJO, PAU","GIL , MARTI","PALLARES, PAU","THOMAS, TARIQ","AGAMI, ELI","ALKOBI, LIAM","ASHKENAZI, KEREM","GIUSTI, DIEGO","STOLLER, ROM"
4,00:15,"AGAMI, ELI",OREB,U18 Maccabi Tel Aviv,72,55,"BATLLE, PAU","BERMEJO, PAU","GIL , MARTI","PALLARES, PAU","THOMAS, TARIQ","AGAMI, ELI","ALKOBI, LIAM","ASHKENAZI, KEREM","GIUSTI, DIEGO","STOLLER, ROM"
4,00:15,"AGAMI, ELI",2PM,U18 Maccabi Tel Aviv,72,57,"BATLLE, PAU","BERMEJO, PAU","GIL , MARTI","PALLARES, PAU","THOMAS, TARIQ","AGAMI, ELI","ALKOBI, LIAM","ASHKENAZI, KEREM","GIUSTI, DIEGO","STOLLER, ROM"
4,00:01,"THOMAS, TARIQ",3PA,U18 Joventut Badalona,72,57,"BATLLE, PAU","BERMEJO, PAU","GIL , MARTI","PALLARES, PAU","THOMAS, TARIQ","AGAMI, ELI","ALKOBI, LIAM","ASHKENAZI, KEREM","GIUSTI, DIEGO","STOLLER, ROM"
